"subject","chain_id","grade","source_item","linked_item","linked_across_grades","component_grades"
"Arabic","arabic_chain1",1,"a110y3_nv3","g1__a110y3_nv3",FALSE,"1"
"Arabic","arabic_chain1",1,"a111y3_nv3","g1__a111y3_nv3",FALSE,"1"
"Arabic","arabic_chain1",1,"a112y3_nv3","g1__a112y3_nv3",FALSE,"1"
"Arabic","arabic_chain1",1,"a113y3_nv3","g1__a113y3_nv3",FALSE,"1"
"Arabic","arabic_chain1",1,"a114y3_nv3","g1__a114y3_nv3",FALSE,"1"
"Arabic","arabic_chain1",1,"a115y3_nv3","g1__a115y3_nv3",FALSE,"1"
"Arabic","arabic_chain1",1,"a116y3_nv3","g1__a116y3_nv3",FALSE,"1"
"Arabic","arabic_chain1",1,"a117y3_nv3","g1__a117y3_nv3",FALSE,"1"
"Arabic","arabic_chain1",1,"a118y3_nv3","g1__a118y3_nv3",FALSE,"1"
"Arabic","arabic_chain1",1,"a119y3_nv3","g1__a119y3_nv3",FALSE,"1"
"Arabic","arabic_chain1",1,"a11y3_nv3","g1__a11y3_nv3",FALSE,"1"
"Arabic","arabic_chain1",1,"a120y3_nv3","g1__a120y3_nv3",FALSE,"1"
"Arabic","arabic_chain1",1,"a121y3_nv3","g1__a121y3_nv3",FALSE,"1"
"Arabic","arabic_chain1",1,"a122y3_nv3","g1__a122y3_nv3",FALSE,"1"
"Arabic","arabic_chain1",1,"a123y3_nv3","g1__a123y3_nv3",FALSE,"1"
"Arabic","arabic_chain1",1,"a124y3_nv3","g1__a124y3_nv3",FALSE,"1"
"Arabic","arabic_chain1",1,"a125y3_nv3","g1__a125y3_nv3",FALSE,"1"
"Arabic","arabic_chain1",1,"a126y3_nv3","g1__a126y3_nv3",FALSE,"1"
"Arabic","arabic_chain1",1,"a127y3_nv3","g1__a127y3_nv3",FALSE,"1"
"Arabic","arabic_chain1",1,"a128y3_nv3","g1__a128y3_nv3",FALSE,"1"
"Arabic","arabic_chain1",1,"a129y3_nv3","g1__a129y3_nv3",FALSE,"1"
"Arabic","arabic_chain1",1,"a12y3_nv3","g1__a12y3_nv3",FALSE,"1"
"Arabic","arabic_chain1",1,"a130y3_nv3","g1__a130y3_nv3",FALSE,"1"
"Arabic","arabic_chain1",1,"a131y3_nv3","g1__a131y3_nv3",FALSE,"1"
"Arabic","arabic_chain1",1,"a132y3_nv3","g1__a132y3_nv3",FALSE,"1"
"Arabic","arabic_chain1",1,"a133y3_nv3","g1__a133y3_nv3",FALSE,"1"
"Arabic","arabic_chain1",1,"a134y3_nv3","g1__a134y3_nv3",FALSE,"1"
"Arabic","arabic_chain1",1,"a135y3_nv3","g1__a135y3_nv3",FALSE,"1"
"Arabic","arabic_chain1",1,"a136y3_nv3","g1__a136y3_nv3",FALSE,"1"
"Arabic","arabic_chain1",1,"a137y3_nv3","g1__a137y3_nv3",FALSE,"1"
"Arabic","arabic_chain1",1,"a138y3_nv3","g1__a138y3_nv3",FALSE,"1"
"Arabic","arabic_chain1",1,"a139y3_nv3","g1__a139y3_nv3",FALSE,"1"
"Arabic","arabic_chain1",1,"a13y3_nv3","g1__a13y3_nv3",FALSE,"1"
"Arabic","arabic_chain1",1,"a140y3_nv3","g1__a140y3_nv3",FALSE,"1"
"Arabic","arabic_chain1",1,"a141y3_nv3","g1__a141y3_nv3",FALSE,"1"
"Arabic","arabic_chain1",1,"a142y3_nv3","g1__a142y3_nv3",FALSE,"1"
"Arabic","arabic_chain1",1,"a143y3_nv3","g1__a143y3_nv3",FALSE,"1"
"Arabic","arabic_chain1",1,"a144y3_nv3","g1__a144y3_nv3",FALSE,"1"
"Arabic","arabic_chain1",1,"a14y3_nv3","g1__a14y3_nv3",FALSE,"1"
"Arabic","arabic_chain1",1,"a15y3_nv3","g1__a15y3_nv3",FALSE,"1"
"Arabic","arabic_chain1",1,"a16y3_nv3","g1__a16y3_nv3",FALSE,"1"
"Arabic","arabic_chain1",1,"a17y3_nv3","g1__a17y3_nv3",FALSE,"1"
"Arabic","arabic_chain1",1,"a18y3_nv3","g1__a18y3_nv3",FALSE,"1"
"Arabic","arabic_chain1",1,"a19y3_nv3","g1__a19y3_nv3",FALSE,"1"
"Arabic","arabic_chain1",1,"a245y3_nv3","g1__a245y3_nv3",FALSE,"1"
"Arabic","arabic_chain1",1,"a246y3_nv3","g1__a246y3_nv3",FALSE,"1"
"Arabic","arabic_chain1",1,"a247y3_nv3","g1__a247y3_nv3",FALSE,"1"
"Arabic","arabic_chain1",1,"a248y3_nv3","g1__a248y3_nv3",FALSE,"1"
"Arabic","arabic_chain1",1,"a249y3_nv3","g1__a249y3_nv3",FALSE,"1"
"Arabic","arabic_chain1",1,"a250y3_nv3","g1__a250y3_nv3",FALSE,"1"
"Arabic","arabic_chain1",1,"a251y3_nv3","g1__a251y3_nv3",FALSE,"1"
"Arabic","arabic_chain1",1,"a522y3_nv3","g1__a522y3_nv3",FALSE,"1"
"Arabic","arabic_chain2",2,"a14y3_nv3","g2__a14y3_nv3",FALSE,"2"
"Arabic","arabic_chain2",2,"a15y3_nv3","g2__a15y3_nv3",FALSE,"2"
"Arabic","arabic_chain2",2,"a16y3_nv3","g2__a16y3_nv3",FALSE,"2"
"Arabic","arabic_chain2",2,"a214_nv","g2__a214_nv",FALSE,"2"
"Arabic","arabic_chain2",2,"a215","g2__a215",FALSE,"2"
"Arabic","arabic_chain2",2,"a217","g2__a217",FALSE,"2"
"Arabic","arabic_chain2",2,"a218","g2__a218",FALSE,"2"
"Arabic","arabic_chain2",2,"a219_nv","g2__a219_nv",FALSE,"2"
"Arabic","arabic_chain2",2,"a236_nv","g2__a236_nv",FALSE,"2"
"Arabic","arabic_chain2",2,"a237_nv","g2__a237_nv",FALSE,"2"
"Arabic","arabic_chain2",2,"a238","g2__a238",FALSE,"2"
"Arabic","arabic_chain2",2,"a239","g2__a239",FALSE,"2"
"Arabic","arabic_chain2",2,"a251","g2__a251",FALSE,"2"
"Arabic","arabic_chain2",2,"a252_nv3","g2__a252_nv3",FALSE,"2"
"Arabic","arabic_chain2",2,"a253","g2__a253",FALSE,"2"
"Arabic","arabic_chain2",2,"a254_nv3","g2__a254_nv3",FALSE,"2"
"Arabic","arabic_chain2",2,"a255","g2__a255",FALSE,"2"
"Arabic","arabic_chain2",2,"a256","g2__a256",FALSE,"2"
"Arabic","arabic_chain2",2,"a257","g2__a257",FALSE,"2"
"Arabic","arabic_chain2",2,"a258_nv","g2__a258_nv",FALSE,"2"
"Arabic","arabic_chain2",2,"a262_nv3","g2__a262_nv3",FALSE,"2"
"Arabic","arabic_chain2",2,"a263_nv3","g2__a263_nv3",FALSE,"2"
"Arabic","arabic_chain2",2,"a264_nv3","g2__a264_nv3",FALSE,"2"
"Arabic","arabic_chain2",2,"a265_nv3","g2__a265_nv3",FALSE,"2"
"Arabic","arabic_chain2",2,"a321y3_nv3","g2__a321y3_nv3",FALSE,"2"
"Arabic","arabic_chain2",2,"a322y3_nv3","g2__a322y3_nv3",FALSE,"2"
"Arabic","arabic_chain2",2,"a323y3_nv3","g2__a323y3_nv3",FALSE,"2"
"Arabic","arabic_chain2",2,"a330y3_nv3","g2__a330y3_nv3",FALSE,"2"
"Arabic","arabic_chain2",2,"a331y3_nv3","g2__a331y3_nv3",FALSE,"2"
"Arabic","arabic_chain2",2,"a332y3_nv3","g2__a332y3_nv3",FALSE,"2"
"Arabic","arabic_chain2",2,"a261_nv","g2_to_g3__a261_nv",TRUE,"2,3"
"Arabic","arabic_chain2",3,"a261_nv","g2_to_g3__a261_nv",TRUE,"2,3"
"Arabic","arabic_chain2",2,"a324y3_nv3","g2_to_g3__a324y3_nv3",TRUE,"2,3"
"Arabic","arabic_chain2",3,"a324y3_nv3","g2_to_g3__a324y3_nv3",TRUE,"2,3"
"Arabic","arabic_chain2",3,"a2100","g3__a2100",FALSE,"3"
"Arabic","arabic_chain2",3,"a2101","g3__a2101",FALSE,"3"
"Arabic","arabic_chain2",3,"a2102","g3__a2102",FALSE,"3"
"Arabic","arabic_chain2",3,"a214_nv","g3__a214_nv",FALSE,"3"
"Arabic","arabic_chain2",3,"a215","g3__a215",FALSE,"3"
"Arabic","arabic_chain2",3,"a217","g3__a217",FALSE,"3"
"Arabic","arabic_chain2",3,"a218","g3__a218",FALSE,"3"
"Arabic","arabic_chain2",3,"a219_nv","g3__a219_nv",FALSE,"3"
"Arabic","arabic_chain2",3,"a236_nv","g3__a236_nv",FALSE,"3"
"Arabic","arabic_chain2",3,"a237_nv","g3__a237_nv",FALSE,"3"
"Arabic","arabic_chain2",3,"a270","g3__a270",FALSE,"3"
"Arabic","arabic_chain2",3,"a271","g3__a271",FALSE,"3"
"Arabic","arabic_chain2",3,"a282","g3__a282",FALSE,"3"
"Arabic","arabic_chain2",3,"a287","g3__a287",FALSE,"3"
"Arabic","arabic_chain2",3,"a288_nv3","g3__a288_nv3",FALSE,"3"
"Arabic","arabic_chain2",3,"a289","g3__a289",FALSE,"3"
"Arabic","arabic_chain2",3,"a290","g3__a290",FALSE,"3"
"Arabic","arabic_chain2",3,"a291","g3__a291",FALSE,"3"
"Arabic","arabic_chain2",3,"a297","g3__a297",FALSE,"3"
"Arabic","arabic_chain2",3,"a298","g3__a298",FALSE,"3"
"Arabic","arabic_chain2",3,"a299","g3__a299",FALSE,"3"
"Arabic","arabic_chain2",3,"a421y3_nv3","g3__a421y3_nv3",FALSE,"3"
"Arabic","arabic_chain2",3,"a269","g3_to_g4__a269",TRUE,"3,4"
"Arabic","arabic_chain2",4,"a269","g3_to_g4__a269",TRUE,"3,4"
"Arabic","arabic_chain2",3,"a294","g3_to_g4__a294",TRUE,"3,4"
"Arabic","arabic_chain2",4,"a294","g3_to_g4__a294",TRUE,"3,4"
"Arabic","arabic_chain2",3,"a412y3_nv3","g3_to_g4__a412y3_nv3",TRUE,"3,4"
"Arabic","arabic_chain2",4,"a412y3_nv3","g3_to_g4__a412y3_nv3",TRUE,"3,4"
"Arabic","arabic_chain2",3,"a413y3_nv3","g3_to_g4__a413y3_nv3",TRUE,"3,4"
"Arabic","arabic_chain2",4,"a413y3_nv3","g3_to_g4__a413y3_nv3",TRUE,"3,4"
"Arabic","arabic_chain2",3,"a414y3_nv3","g3_to_g4__a414y3_nv3",TRUE,"3,4"
"Arabic","arabic_chain2",4,"a414y3_nv3","g3_to_g4__a414y3_nv3",TRUE,"3,4"
"Arabic","arabic_chain2",3,"a415y3_nv3","g3_to_g4__a415y3_nv3",TRUE,"3,4"
"Arabic","arabic_chain2",4,"a415y3_nv3","g3_to_g4__a415y3_nv3",TRUE,"3,4"
"Arabic","arabic_chain2",3,"a422y3_nv3","g3_to_g4__a422y3_nv3",TRUE,"3,4"
"Arabic","arabic_chain2",4,"a422y3_nv3","g3_to_g4__a422y3_nv3",TRUE,"3,4"
"Arabic","arabic_chain2",4,"a2103","g4__a2103",FALSE,"4"
"Arabic","arabic_chain2",4,"a2104","g4__a2104",FALSE,"4"
"Arabic","arabic_chain2",4,"a2105","g4__a2105",FALSE,"4"
"Arabic","arabic_chain2",4,"a2106","g4__a2106",FALSE,"4"
"Arabic","arabic_chain2",4,"a2108","g4__a2108",FALSE,"4"
"Arabic","arabic_chain2",4,"a2109","g4__a2109",FALSE,"4"
"Arabic","arabic_chain2",4,"a2110","g4__a2110",FALSE,"4"
"Arabic","arabic_chain2",4,"a2111","g4__a2111",FALSE,"4"
"Arabic","arabic_chain2",4,"a2119","g4__a2119",FALSE,"4"
"Arabic","arabic_chain2",4,"a2125","g4__a2125",FALSE,"4"
"Arabic","arabic_chain2",4,"a2126","g4__a2126",FALSE,"4"
"Arabic","arabic_chain2",4,"a2127_nv3","g4__a2127_nv3",FALSE,"4"
"Arabic","arabic_chain2",4,"a2128","g4__a2128",FALSE,"4"
"Arabic","arabic_chain2",4,"a2130_nv","g4__a2130_nv",FALSE,"4"
"Arabic","arabic_chain2",4,"a2131","g4__a2131",FALSE,"4"
"Arabic","arabic_chain2",4,"a2132_nv","g4__a2132_nv",FALSE,"4"
"Arabic","arabic_chain2",4,"a2133","g4__a2133",FALSE,"4"
"Arabic","arabic_chain2",4,"a2134","g4__a2134",FALSE,"4"
"Arabic","arabic_chain2",4,"a2263_nv3","g4__a2263_nv3",FALSE,"4"
"Arabic","arabic_chain2",4,"a2273_nv3","g4__a2273_nv3",FALSE,"4"
"Arabic","arabic_chain2",4,"a515y3_nv3","g4__a515y3_nv3",FALSE,"4"
"Arabic","arabic_chain2",4,"a516y3_nv3","g4__a516y3_nv3",FALSE,"4"
"Arabic","arabic_chain2",4,"a526y3_nv3","g4__a526y3_nv3",FALSE,"4"
"Arabic","arabic_chain2",4,"a2122","g4_to_g5__a2122",TRUE,"4,5"
"Arabic","arabic_chain2",5,"a2122","g4_to_g5__a2122",TRUE,"4,5"
"Arabic","arabic_chain2",4,"a2123","g4_to_g5__a2123",TRUE,"4,5"
"Arabic","arabic_chain2",5,"a2123","g4_to_g5__a2123",TRUE,"4,5"
"Arabic","arabic_chain2",4,"a519y3_nv3","g4_to_g5__a519y3_nv3",TRUE,"4,5"
"Arabic","arabic_chain2",5,"a519y3_nv3","g4_to_g5__a519y3_nv3",TRUE,"4,5"
"Arabic","arabic_chain2",5,"a2130_nv","g5__a2130_nv",FALSE,"5"
"Arabic","arabic_chain2",5,"a2137","g5__a2137",FALSE,"5"
"Arabic","arabic_chain2",5,"a2138","g5__a2138",FALSE,"5"
"Arabic","arabic_chain2",5,"a2139","g5__a2139",FALSE,"5"
"Arabic","arabic_chain2",5,"a2140","g5__a2140",FALSE,"5"
"Arabic","arabic_chain2",5,"a2141","g5__a2141",FALSE,"5"
"Arabic","arabic_chain2",5,"a2142_nv","g5__a2142_nv",FALSE,"5"
"Arabic","arabic_chain2",5,"a2143_nv","g5__a2143_nv",FALSE,"5"
"Arabic","arabic_chain2",5,"a2144_nv","g5__a2144_nv",FALSE,"5"
"Arabic","arabic_chain2",5,"a2146","g5__a2146",FALSE,"5"
"Arabic","arabic_chain2",5,"a2147_nv","g5__a2147_nv",FALSE,"5"
"Arabic","arabic_chain2",5,"a2151_nv3","g5__a2151_nv3",FALSE,"5"
"Arabic","arabic_chain2",5,"a2152","g5__a2152",FALSE,"5"
"Arabic","arabic_chain2",5,"a2153","g5__a2153",FALSE,"5"
"Arabic","arabic_chain2",5,"a2154","g5__a2154",FALSE,"5"
"Arabic","arabic_chain2",5,"a2155","g5__a2155",FALSE,"5"
"Arabic","arabic_chain2",5,"a2159","g5__a2159",FALSE,"5"
"Arabic","arabic_chain2",5,"a2160","g5__a2160",FALSE,"5"
"Arabic","arabic_chain2",5,"a2162_nv","g5__a2162_nv",FALSE,"5"
"Arabic","arabic_chain2",5,"a2163","g5__a2163",FALSE,"5"
"Arabic","arabic_chain2",5,"a2164_nv","g5__a2164_nv",FALSE,"5"
"Arabic","arabic_chain2",5,"a2165_nv2","g5__a2165_nv2",FALSE,"5"
"Arabic","arabic_chain2",5,"a2166","g5__a2166",FALSE,"5"
"Arabic","arabic_chain2",5,"a2171","g5__a2171",FALSE,"5"
"Arabic","arabic_chain2",5,"a629y3_nv3","g5__a629y3_nv3",FALSE,"5"
"Arabic","arabic_chain2",5,"a630y3_nv3","g5__a630y3_nv3",FALSE,"5"
"Arabic","arabic_chain2",5,"a631y3_nv3","g5__a631y3_nv3",FALSE,"5"
"Arabic","arabic_chain2",5,"a2145_nv","g5_to_g6__a2145_nv",TRUE,"5,6"
"Arabic","arabic_chain2",6,"a2145_nv","g5_to_g6__a2145_nv",TRUE,"5,6"
"Arabic","arabic_chain2",5,"a2161","g5_to_g6__a2161",TRUE,"5,6"
"Arabic","arabic_chain2",6,"a2161","g5_to_g6__a2161",TRUE,"5,6"
"Arabic","arabic_chain2",6,"a2130_nv","g6__a2130_nv",FALSE,"6"
"Arabic","arabic_chain2",6,"a2142_nv","g6__a2142_nv",FALSE,"6"
"Arabic","arabic_chain2",6,"a2143_nv","g6__a2143_nv",FALSE,"6"
"Arabic","arabic_chain2",6,"a2144_nv","g6__a2144_nv",FALSE,"6"
"Arabic","arabic_chain2",6,"a2146","g6__a2146",FALSE,"6"
"Arabic","arabic_chain2",6,"a2147_nv","g6__a2147_nv",FALSE,"6"
"Arabic","arabic_chain2",6,"a2160","g6__a2160",FALSE,"6"
"Arabic","arabic_chain2",6,"a2162_nv","g6__a2162_nv",FALSE,"6"
"Arabic","arabic_chain2",6,"a2164_nv","g6__a2164_nv",FALSE,"6"
"Arabic","arabic_chain2",6,"a610y3_nv3","g6__a610y3_nv3",FALSE,"6"
"Arabic","arabic_chain2",6,"a611y3_nv3","g6__a611y3_nv3",FALSE,"6"
"Arabic","arabic_chain2",6,"a619y3_nv3","g6__a619y3_nv3",FALSE,"6"
"Arabic","arabic_chain2",6,"a620y3_nv3","g6__a620y3_nv3",FALSE,"6"
"Arabic","arabic_chain2",6,"a621y3_nv3","g6__a621y3_nv3",FALSE,"6"
"Arabic","arabic_chain2",6,"a622y3_nv3","g6__a622y3_nv3",FALSE,"6"
"Arabic","arabic_chain2",6,"a623y3_nv3","g6__a623y3_nv3",FALSE,"6"
"Arabic","arabic_chain2",6,"a624y3_nv3","g6__a624y3_nv3",FALSE,"6"
"Arabic","arabic_chain2",6,"a625y3_nv3","g6__a625y3_nv3",FALSE,"6"
"Arabic","arabic_chain2",6,"a626y3_nv3","g6__a626y3_nv3",FALSE,"6"
"Arabic","arabic_chain2",6,"a627y3_nv3","g6__a627y3_nv3",FALSE,"6"
"Arabic","arabic_chain2",6,"a628y3_nv3","g6__a628y3_nv3",FALSE,"6"
"Arabic","arabic_chain2",6,"a629y3_nv3","g6__a629y3_nv3",FALSE,"6"
"Arabic","arabic_chain2",6,"a629y3_nv3_el","g6__a629y3_nv3_el",FALSE,"6"
"Arabic","arabic_chain2",6,"a630y3_nv3","g6__a630y3_nv3",FALSE,"6"
"Arabic","arabic_chain2",6,"a630y3_nv3_el","g6__a630y3_nv3_el",FALSE,"6"
"Arabic","arabic_chain2",6,"a631y3_nv3","g6__a631y3_nv3",FALSE,"6"
"Arabic","arabic_chain2",6,"a631y3_nv3_el","g6__a631y3_nv3_el",FALSE,"6"
"Arabic","arabic_chain2",6,"a632y3_nv3_el","g6__a632y3_nv3_el",FALSE,"6"
"Arabic","arabic_chain2",6,"a634y3_nv3","g6__a634y3_nv3",FALSE,"6"
"Arabic","arabic_chain2",6,"a638y3_nv3","g6__a638y3_nv3",FALSE,"6"
"Arabic","arabic_chain2",6,"a67y3_nv3","g6__a67y3_nv3",FALSE,"6"
"Arabic","arabic_chain2",6,"a68y3_nv3","g6__a68y3_nv3",FALSE,"6"
"Arabic","arabic_chain2",6,"a69y3_nv3","g6__a69y3_nv3",FALSE,"6"
"French","french_chain1",1,"f21","g1__f21",FALSE,"1"
"French","french_chain1",1,"f210","g1__f210",FALSE,"1"
"French","french_chain1",1,"f211","g1__f211",FALSE,"1"
"French","french_chain1",1,"f212","g1__f212",FALSE,"1"
"French","french_chain1",1,"f213","g1__f213",FALSE,"1"
"French","french_chain1",1,"f214","g1__f214",FALSE,"1"
"French","french_chain1",1,"f215","g1__f215",FALSE,"1"
"French","french_chain1",1,"f216","g1__f216",FALSE,"1"
"French","french_chain1",1,"f217","g1__f217",FALSE,"1"
"French","french_chain1",1,"f218","g1__f218",FALSE,"1"
"French","french_chain1",1,"f219","g1__f219",FALSE,"1"
"French","french_chain1",1,"f22","g1__f22",FALSE,"1"
"French","french_chain1",1,"f220","g1__f220",FALSE,"1"
"French","french_chain1",1,"f221","g1__f221",FALSE,"1"
"French","french_chain1",1,"f222","g1__f222",FALSE,"1"
"French","french_chain1",1,"f223","g1__f223",FALSE,"1"
"French","french_chain1",1,"f224","g1__f224",FALSE,"1"
"French","french_chain1",1,"f225","g1__f225",FALSE,"1"
"French","french_chain1",1,"f226","g1__f226",FALSE,"1"
"French","french_chain1",1,"f227","g1__f227",FALSE,"1"
"French","french_chain1",1,"f228","g1__f228",FALSE,"1"
"French","french_chain1",1,"f229","g1__f229",FALSE,"1"
"French","french_chain1",1,"f23","g1__f23",FALSE,"1"
"French","french_chain1",1,"f230","g1__f230",FALSE,"1"
"French","french_chain1",1,"f231","g1__f231",FALSE,"1"
"French","french_chain1",1,"f232_nv","g1__f232_nv",FALSE,"1"
"French","french_chain1",1,"f233_nv","g1__f233_nv",FALSE,"1"
"French","french_chain1",1,"f234","g1__f234",FALSE,"1"
"French","french_chain1",1,"f235_nv","g1__f235_nv",FALSE,"1"
"French","french_chain1",1,"f236","g1__f236",FALSE,"1"
"French","french_chain1",1,"f237","g1__f237",FALSE,"1"
"French","french_chain1",1,"f238_nv3","g1__f238_nv3",FALSE,"1"
"French","french_chain1",1,"f239","g1__f239",FALSE,"1"
"French","french_chain1",1,"f24","g1__f24",FALSE,"1"
"French","french_chain1",1,"f240","g1__f240",FALSE,"1"
"French","french_chain1",1,"f241","g1__f241",FALSE,"1"
"French","french_chain1",1,"f242","g1__f242",FALSE,"1"
"French","french_chain1",1,"f243","g1__f243",FALSE,"1"
"French","french_chain1",1,"f244","g1__f244",FALSE,"1"
"French","french_chain1",1,"f248","g1__f248",FALSE,"1"
"French","french_chain1",1,"f249","g1__f249",FALSE,"1"
"French","french_chain1",1,"f25","g1__f25",FALSE,"1"
"French","french_chain1",1,"f26","g1__f26",FALSE,"1"
"French","french_chain1",1,"f27","g1__f27",FALSE,"1"
"French","french_chain1",1,"f28","g1__f28",FALSE,"1"
"French","french_chain1",1,"f29","g1__f29",FALSE,"1"
"French","french_chain1",1,"f246","g1_to_g2__f246",TRUE,"1,2"
"French","french_chain1",2,"f246","g1_to_g2__f246",TRUE,"1,2"
"French","french_chain1",1,"f245","g1_to_g3__f245",TRUE,"1,2,3"
"French","french_chain1",2,"f245","g1_to_g3__f245",TRUE,"1,2,3"
"French","french_chain1",3,"f245","g1_to_g3__f245",TRUE,"1,2,3"
"French","french_chain1",1,"f247","g1_to_g3__f247",TRUE,"1,2,3"
"French","french_chain1",2,"f247","g1_to_g3__f247",TRUE,"1,2,3"
"French","french_chain1",3,"f247","g1_to_g3__f247",TRUE,"1,2,3"
"French","french_chain1",2,"f21","g2__f21",FALSE,"2"
"French","french_chain1",2,"f22_nv","g2__f22_nv",FALSE,"2"
"French","french_chain1",2,"f23","g2__f23",FALSE,"2"
"French","french_chain1",2,"f255","g2__f255",FALSE,"2"
"French","french_chain1",2,"f257","g2__f257",FALSE,"2"
"French","french_chain1",2,"f259","g2__f259",FALSE,"2"
"French","french_chain1",2,"f260","g2__f260",FALSE,"2"
"French","french_chain1",2,"f261","g2__f261",FALSE,"2"
"French","french_chain1",2,"f262","g2__f262",FALSE,"2"
"French","french_chain1",2,"f263","g2__f263",FALSE,"2"
"French","french_chain1",2,"f264","g2__f264",FALSE,"2"
"French","french_chain1",2,"f265","g2__f265",FALSE,"2"
"French","french_chain1",2,"f267","g2__f267",FALSE,"2"
"French","french_chain1",2,"f274","g2__f274",FALSE,"2"
"French","french_chain1",2,"f275","g2__f275",FALSE,"2"
"French","french_chain1",2,"f277","g2__f277",FALSE,"2"
"French","french_chain1",2,"f280","g2__f280",FALSE,"2"
"French","french_chain1",2,"f281","g2__f281",FALSE,"2"
"French","french_chain1",2,"f282","g2__f282",FALSE,"2"
"French","french_chain1",2,"f283","g2__f283",FALSE,"2"
"French","french_chain1",2,"f284","g2__f284",FALSE,"2"
"French","french_chain1",2,"f285","g2__f285",FALSE,"2"
"French","french_chain1",2,"f286","g2__f286",FALSE,"2"
"French","french_chain1",2,"f293","g2__f293",FALSE,"2"
"French","french_chain1",2,"f295","g2__f295",FALSE,"2"
"French","french_chain1",2,"f296","g2__f296",FALSE,"2"
"French","french_chain1",2,"f211","g2_to_g3__f211",TRUE,"2,3"
"French","french_chain1",3,"f211","g2_to_g3__f211",TRUE,"2,3"
"French","french_chain1",2,"f253","g2_to_g3__f253",TRUE,"2,3"
"French","french_chain1",3,"f253","g2_to_g3__f253",TRUE,"2,3"
"French","french_chain1",2,"f256","g2_to_g3__f256",TRUE,"2,3"
"French","french_chain1",3,"f256","g2_to_g3__f256",TRUE,"2,3"
"French","french_chain1",2,"f258","g2_to_g3__f258",TRUE,"2,3"
"French","french_chain1",3,"f258","g2_to_g3__f258",TRUE,"2,3"
"French","french_chain1",2,"f266","g2_to_g3__f266",TRUE,"2,3"
"French","french_chain1",3,"f266","g2_to_g3__f266",TRUE,"2,3"
"French","french_chain1",2,"f268","g2_to_g3__f268",TRUE,"2,3"
"French","french_chain1",3,"f268","g2_to_g3__f268",TRUE,"2,3"
"French","french_chain1",2,"f269","g2_to_g3__f269",TRUE,"2,3"
"French","french_chain1",3,"f269","g2_to_g3__f269",TRUE,"2,3"
"French","french_chain1",2,"f270","g2_to_g3__f270",TRUE,"2,3"
"French","french_chain1",3,"f270","g2_to_g3__f270",TRUE,"2,3"
"French","french_chain1",2,"f271","g2_to_g3__f271",TRUE,"2,3"
"French","french_chain1",3,"f271","g2_to_g3__f271",TRUE,"2,3"
"French","french_chain1",2,"f272","g2_to_g3__f272",TRUE,"2,3"
"French","french_chain1",3,"f272","g2_to_g3__f272",TRUE,"2,3"
"French","french_chain1",2,"f273","g2_to_g3__f273",TRUE,"2,3"
"French","french_chain1",3,"f273","g2_to_g3__f273",TRUE,"2,3"
"French","french_chain1",2,"f276","g2_to_g3__f276",TRUE,"2,3"
"French","french_chain1",3,"f276","g2_to_g3__f276",TRUE,"2,3"
"French","french_chain1",2,"f278","g2_to_g3__f278",TRUE,"2,3"
"French","french_chain1",3,"f278","g2_to_g3__f278",TRUE,"2,3"
"French","french_chain1",2,"f279","g2_to_g3__f279",TRUE,"2,3"
"French","french_chain1",3,"f279","g2_to_g3__f279",TRUE,"2,3"
"French","french_chain1",2,"f297_nv","g2_to_g5__f297_nv",TRUE,"2,3,4,5"
"French","french_chain1",3,"f297_nv","g2_to_g5__f297_nv",TRUE,"2,3,4,5"
"French","french_chain1",4,"f297_nv","g2_to_g5__f297_nv",TRUE,"2,3,4,5"
"French","french_chain1",5,"f297_nv","g2_to_g5__f297_nv",TRUE,"2,3,4,5"
"French","french_chain1",2,"f298","g2_to_g5__f298",TRUE,"2,3,4,5"
"French","french_chain1",3,"f298","g2_to_g5__f298",TRUE,"2,3,4,5"
"French","french_chain1",4,"f298","g2_to_g5__f298",TRUE,"2,3,4,5"
"French","french_chain1",5,"f298","g2_to_g5__f298",TRUE,"2,3,4,5"
"French","french_chain1",2,"f232_nv","g2_to_g6__f232_nv",TRUE,"2,3,4,5,6"
"French","french_chain1",3,"f232_nv","g2_to_g6__f232_nv",TRUE,"2,3,4,5,6"
"French","french_chain1",4,"f232_nv","g2_to_g6__f232_nv",TRUE,"2,3,4,5,6"
"French","french_chain1",5,"f232_nv","g2_to_g6__f232_nv",TRUE,"2,3,4,5,6"
"French","french_chain1",6,"f232_nv","g2_to_g6__f232_nv",TRUE,"2,3,4,5,6"
"French","french_chain1",2,"f233_nv","g2_to_g6__f233_nv",TRUE,"2,3,4,5,6"
"French","french_chain1",3,"f233_nv","g2_to_g6__f233_nv",TRUE,"2,3,4,5,6"
"French","french_chain1",4,"f233_nv","g2_to_g6__f233_nv",TRUE,"2,3,4,5,6"
"French","french_chain1",5,"f233_nv","g2_to_g6__f233_nv",TRUE,"2,3,4,5,6"
"French","french_chain1",6,"f233_nv","g2_to_g6__f233_nv",TRUE,"2,3,4,5,6"
"French","french_chain1",2,"f235_nv","g2_to_g6__f235_nv",TRUE,"2,3,4,5,6"
"French","french_chain1",3,"f235_nv","g2_to_g6__f235_nv",TRUE,"2,3,4,5,6"
"French","french_chain1",4,"f235_nv","g2_to_g6__f235_nv",TRUE,"2,3,4,5,6"
"French","french_chain1",5,"f235_nv","g2_to_g6__f235_nv",TRUE,"2,3,4,5,6"
"French","french_chain1",6,"f235_nv","g2_to_g6__f235_nv",TRUE,"2,3,4,5,6"
"French","french_chain1",2,"f294_nv","g2_to_g6__f294_nv",TRUE,"2,3,4,5,6"
"French","french_chain1",3,"f294_nv","g2_to_g6__f294_nv",TRUE,"2,3,4,5,6"
"French","french_chain1",4,"f294_nv","g2_to_g6__f294_nv",TRUE,"2,3,4,5,6"
"French","french_chain1",5,"f294_nv","g2_to_g6__f294_nv",TRUE,"2,3,4,5,6"
"French","french_chain1",6,"f294_nv","g2_to_g6__f294_nv",TRUE,"2,3,4,5,6"
"French","french_chain1",2,"f299","g2_to_g6__f299",TRUE,"2,3,4,5,6"
"French","french_chain1",3,"f299","g2_to_g6__f299",TRUE,"2,3,4,5,6"
"French","french_chain1",4,"f299","g2_to_g6__f299",TRUE,"2,3,4,5,6"
"French","french_chain1",5,"f299","g2_to_g6__f299",TRUE,"2,3,4,5,6"
"French","french_chain1",6,"f299","g2_to_g6__f299",TRUE,"2,3,4,5,6"
"French","french_chain1",3,"f21","g3__f21",FALSE,"3"
"French","french_chain1",3,"f22_nv","g3__f22_nv",FALSE,"3"
"French","french_chain1",3,"f23","g3__f23",FALSE,"3"
"French","french_chain1",3,"f246","g3__f246",FALSE,"3"
"French","french_chain1",3,"f255","g3__f255",FALSE,"3"
"French","french_chain1",3,"f257","g3__f257",FALSE,"3"
"French","french_chain1",3,"f259","g3__f259",FALSE,"3"
"French","french_chain1",3,"f260","g3__f260",FALSE,"3"
"French","french_chain1",3,"f261","g3__f261",FALSE,"3"
"French","french_chain1",3,"f262","g3__f262",FALSE,"3"
"French","french_chain1",3,"f263","g3__f263",FALSE,"3"
"French","french_chain1",3,"f264","g3__f264",FALSE,"3"
"French","french_chain1",3,"f265","g3__f265",FALSE,"3"
"French","french_chain1",3,"f267","g3__f267",FALSE,"3"
"French","french_chain1",3,"f274","g3__f274",FALSE,"3"
"French","french_chain1",3,"f275","g3__f275",FALSE,"3"
"French","french_chain1",3,"f277","g3__f277",FALSE,"3"
"French","french_chain1",3,"f280","g3__f280",FALSE,"3"
"French","french_chain1",3,"f281","g3__f281",FALSE,"3"
"French","french_chain1",3,"f282","g3__f282",FALSE,"3"
"French","french_chain1",3,"f283","g3__f283",FALSE,"3"
"French","french_chain1",3,"f284","g3__f284",FALSE,"3"
"French","french_chain1",3,"f285","g3__f285",FALSE,"3"
"French","french_chain1",3,"f286","g3__f286",FALSE,"3"
"French","french_chain1",3,"f295","g3__f295",FALSE,"3"
"French","french_chain1",3,"f296","g3__f296",FALSE,"3"
"French","french_chain1",3,"f293","g3_to_g4__f293",TRUE,"3,4"
"French","french_chain1",4,"f293","g3_to_g4__f293",TRUE,"3,4"
"French","french_chain1",4,"f21","g4__f21",FALSE,"4"
"French","french_chain1",4,"f2100","g4__f2100",FALSE,"4"
"French","french_chain1",4,"f2101","g4__f2101",FALSE,"4"
"French","french_chain1",4,"f2102","g4__f2102",FALSE,"4"
"French","french_chain1",4,"f2104","g4__f2104",FALSE,"4"
"French","french_chain1",4,"f2105","g4__f2105",FALSE,"4"
"French","french_chain1",4,"f2107","g4__f2107",FALSE,"4"
"French","french_chain1",4,"f2108","g4__f2108",FALSE,"4"
"French","french_chain1",4,"f2109","g4__f2109",FALSE,"4"
"French","french_chain1",4,"f2110","g4__f2110",FALSE,"4"
"French","french_chain1",4,"f2111","g4__f2111",FALSE,"4"
"French","french_chain1",4,"f2112","g4__f2112",FALSE,"4"
"French","french_chain1",4,"f2118","g4__f2118",FALSE,"4"
"French","french_chain1",4,"f2119","g4__f2119",FALSE,"4"
"French","french_chain1",4,"f2126","g4__f2126",FALSE,"4"
"French","french_chain1",4,"f2127","g4__f2127",FALSE,"4"
"French","french_chain1",4,"f2128","g4__f2128",FALSE,"4"
"French","french_chain1",4,"f2129","g4__f2129",FALSE,"4"
"French","french_chain1",4,"f2130","g4__f2130",FALSE,"4"
"French","french_chain1",4,"f2131","g4__f2131",FALSE,"4"
"French","french_chain1",4,"f23","g4__f23",FALSE,"4"
"French","french_chain1",4,"f247","g4__f247",FALSE,"4"
"French","french_chain1",4,"f2114","g4_to_g5__f2114",TRUE,"4,5"
"French","french_chain1",5,"f2114","g4_to_g5__f2114",TRUE,"4,5"
"French","french_chain1",4,"f2113","g4_to_g6__f2113",TRUE,"4,5,6"
"French","french_chain1",5,"f2113","g4_to_g6__f2113",TRUE,"4,5,6"
"French","french_chain1",6,"f2113","g4_to_g6__f2113",TRUE,"4,5,6"
"French","french_chain1",5,"f21","g5__f21",FALSE,"5"
"French","french_chain1",5,"f2100","g5__f2100",FALSE,"5"
"French","french_chain1",5,"f2101","g5__f2101",FALSE,"5"
"French","french_chain1",5,"f2102","g5__f2102",FALSE,"5"
"French","french_chain1",5,"f2104","g5__f2104",FALSE,"5"
"French","french_chain1",5,"f2105","g5__f2105",FALSE,"5"
"French","french_chain1",5,"f2107","g5__f2107",FALSE,"5"
"French","french_chain1",5,"f2108","g5__f2108",FALSE,"5"
"French","french_chain1",5,"f2109","g5__f2109",FALSE,"5"
"French","french_chain1",5,"f2110","g5__f2110",FALSE,"5"
"French","french_chain1",5,"f2111","g5__f2111",FALSE,"5"
"French","french_chain1",5,"f2112","g5__f2112",FALSE,"5"
"French","french_chain1",5,"f2118","g5__f2118",FALSE,"5"
"French","french_chain1",5,"f2119","g5__f2119",FALSE,"5"
"French","french_chain1",5,"f2128","g5__f2128",FALSE,"5"
"French","french_chain1",5,"f2129","g5__f2129",FALSE,"5"
"French","french_chain1",5,"f2130","g5__f2130",FALSE,"5"
"French","french_chain1",5,"f2131","g5__f2131",FALSE,"5"
"French","french_chain1",5,"f23","g5__f23",FALSE,"5"
"French","french_chain1",5,"f247","g5__f247",FALSE,"5"
"French","french_chain1",5,"f2126","g5_to_g6__f2126",TRUE,"5,6"
"French","french_chain1",6,"f2126","g5_to_g6__f2126",TRUE,"5,6"
"French","french_chain1",5,"f2127","g5_to_g6__f2127",TRUE,"5,6"
"French","french_chain1",6,"f2127","g5_to_g6__f2127",TRUE,"5,6"
"French","french_chain1",5,"f293","g5_to_g6__f293",TRUE,"5,6"
"French","french_chain1",6,"f293","g5_to_g6__f293",TRUE,"5,6"
"French","french_chain1",6,"f21","g6__f21",FALSE,"6"
"French","french_chain1",6,"f2100","g6__f2100",FALSE,"6"
"French","french_chain1",6,"f2101","g6__f2101",FALSE,"6"
"French","french_chain1",6,"f2102","g6__f2102",FALSE,"6"
"French","french_chain1",6,"f2104","g6__f2104",FALSE,"6"
"French","french_chain1",6,"f2105","g6__f2105",FALSE,"6"
"French","french_chain1",6,"f2107","g6__f2107",FALSE,"6"
"French","french_chain1",6,"f2108","g6__f2108",FALSE,"6"
"French","french_chain1",6,"f2109","g6__f2109",FALSE,"6"
"French","french_chain1",6,"f2110","g6__f2110",FALSE,"6"
"French","french_chain1",6,"f2111","g6__f2111",FALSE,"6"
"French","french_chain1",6,"f2112","g6__f2112",FALSE,"6"
"French","french_chain1",6,"f2114","g6__f2114",FALSE,"6"
"French","french_chain1",6,"f2118","g6__f2118",FALSE,"6"
"French","french_chain1",6,"f2119","g6__f2119",FALSE,"6"
"French","french_chain1",6,"f2128","g6__f2128",FALSE,"6"
"French","french_chain1",6,"f2129","g6__f2129",FALSE,"6"
"French","french_chain1",6,"f2130","g6__f2130",FALSE,"6"
"French","french_chain1",6,"f2131","g6__f2131",FALSE,"6"
"French","french_chain1",6,"f23","g6__f23",FALSE,"6"
"French","french_chain1",6,"f247","g6__f247",FALSE,"6"
"French","french_chain1",6,"f297_nv","g6__f297_nv",FALSE,"6"
"French","french_chain1",6,"f298","g6__f298",FALSE,"6"
"Maths","maths_chain1",1,"m210","g1__m210",FALSE,"1"
"Maths","maths_chain1",1,"m211_nv","g1__m211_nv",FALSE,"1"
"Maths","maths_chain1",1,"m212_nv","g1__m212_nv",FALSE,"1"
"Maths","maths_chain1",1,"m213_nv","g1__m213_nv",FALSE,"1"
"Maths","maths_chain1",1,"m214_nv3","g1__m214_nv3",FALSE,"1"
"Maths","maths_chain1",1,"m215_nv3","g1__m215_nv3",FALSE,"1"
"Maths","maths_chain1",1,"m216_nv3","g1__m216_nv3",FALSE,"1"
"Maths","maths_chain1",1,"m217_nv3","g1__m217_nv3",FALSE,"1"
"Maths","maths_chain1",1,"m218_nv","g1__m218_nv",FALSE,"1"
"Maths","maths_chain1",1,"m219_nv3","g1__m219_nv3",FALSE,"1"
"Maths","maths_chain1",1,"m21_nv","g1__m21_nv",FALSE,"1"
"Maths","maths_chain1",1,"m220_nv","g1__m220_nv",FALSE,"1"
"Maths","maths_chain1",1,"m221","g1__m221",FALSE,"1"
"Maths","maths_chain1",1,"m222","g1__m222",FALSE,"1"
"Maths","maths_chain1",1,"m224","g1__m224",FALSE,"1"
"Maths","maths_chain1",1,"m225","g1__m225",FALSE,"1"
"Maths","maths_chain1",1,"m22_nv3","g1__m22_nv3",FALSE,"1"
"Maths","maths_chain1",1,"m23_nv","g1__m23_nv",FALSE,"1"
"Maths","maths_chain1",1,"m23y3_nv3","g1__m23y3_nv3",FALSE,"1"
"Maths","maths_chain1",1,"m24","g1__m24",FALSE,"1"
"Maths","maths_chain1",1,"m24_nv3","g1__m24_nv3",FALSE,"1"
"Maths","maths_chain1",1,"m25_nv3","g1__m25_nv3",FALSE,"1"
"Maths","maths_chain1",1,"m26","g1__m26",FALSE,"1"
"Maths","maths_chain1",1,"m27","g1__m27",FALSE,"1"
"Maths","maths_chain1",1,"m28_nv","g1__m28_nv",FALSE,"1"
"Maths","maths_chain1",1,"m29_nv","g1__m29_nv",FALSE,"1"
"Maths","maths_chain2",2,"m210","g2__m210",FALSE,"2"
"Maths","maths_chain2",2,"m221","g2__m221",FALSE,"2"
"Maths","maths_chain2",2,"m222","g2__m222",FALSE,"2"
"Maths","maths_chain2",2,"m223","g2__m223",FALSE,"2"
"Maths","maths_chain2",2,"m226","g2__m226",FALSE,"2"
"Maths","maths_chain2",2,"m230_nv","g2__m230_nv",FALSE,"2"
"Maths","maths_chain2",2,"m231_nv3","g2__m231_nv3",FALSE,"2"
"Maths","maths_chain2",2,"m232_nv3","g2__m232_nv3",FALSE,"2"
"Maths","maths_chain2",2,"m234_nv","g2__m234_nv",FALSE,"2"
"Maths","maths_chain2",2,"m235_nv","g2__m235_nv",FALSE,"2"
"Maths","maths_chain2",2,"m236_nv","g2__m236_nv",FALSE,"2"
"Maths","maths_chain2",2,"m237_nv","g2__m237_nv",FALSE,"2"
"Maths","maths_chain2",2,"m237_nv3","g2__m237_nv3",FALSE,"2"
"Maths","maths_chain2",2,"m238_nv","g2__m238_nv",FALSE,"2"
"Maths","maths_chain2",2,"m239_nv2","g2__m239_nv2",FALSE,"2"
"Maths","maths_chain2",2,"m23y3_nv3","g2__m23y3_nv3",FALSE,"2"
"Maths","maths_chain2",2,"m24","g2__m24",FALSE,"2"
"Maths","maths_chain2",2,"m240_nv3","g2__m240_nv3",FALSE,"2"
"Maths","maths_chain2",2,"m242_nv3","g2__m242_nv3",FALSE,"2"
"Maths","maths_chain2",2,"m243_nv3","g2__m243_nv3",FALSE,"2"
"Maths","maths_chain2",2,"m247_nv3","g2__m247_nv3",FALSE,"2"
"Maths","maths_chain2",2,"m249","g2__m249",FALSE,"2"
"Maths","maths_chain2",2,"m250","g2__m250",FALSE,"2"
"Maths","maths_chain2",2,"m251","g2__m251",FALSE,"2"
"Maths","maths_chain2",2,"m252_nv","g2__m252_nv",FALSE,"2"
"Maths","maths_chain2",2,"m230","g2_to_g3__m230",TRUE,"2,3"
"Maths","maths_chain2",3,"m230","g2_to_g3__m230",TRUE,"2,3"
"Maths","maths_chain2",2,"m233_nv","g2_to_g3__m233_nv",TRUE,"2,3"
"Maths","maths_chain2",3,"m233_nv","g2_to_g3__m233_nv",TRUE,"2,3"
"Maths","maths_chain2",2,"m33y3_nv3","g2_to_g3__m33y3_nv3",TRUE,"2,3"
"Maths","maths_chain2",3,"m33y3_nv3","g2_to_g3__m33y3_nv3",TRUE,"2,3"
"Maths","maths_chain2",3,"m222","g3__m222",FALSE,"3"
"Maths","maths_chain2",3,"m231_nv3","g3__m231_nv3",FALSE,"3"
"Maths","maths_chain2",3,"m232_nv2","g3__m232_nv2",FALSE,"3"
"Maths","maths_chain2",3,"m252","g3__m252",FALSE,"3"
"Maths","maths_chain2",3,"m253_nv2","g3__m253_nv2",FALSE,"3"
"Maths","maths_chain2",3,"m254_nv","g3__m254_nv",FALSE,"3"
"Maths","maths_chain2",3,"m260","g3__m260",FALSE,"3"
"Maths","maths_chain2",3,"m261","g3__m261",FALSE,"3"
"Maths","maths_chain2",3,"m262_nv3","g3__m262_nv3",FALSE,"3"
"Maths","maths_chain2",3,"m265_nv","g3__m265_nv",FALSE,"3"
"Maths","maths_chain2",3,"m266_nv3","g3__m266_nv3",FALSE,"3"
"Maths","maths_chain2",3,"m267_nv3","g3__m267_nv3",FALSE,"3"
"Maths","maths_chain2",3,"m268_nv3","g3__m268_nv3",FALSE,"3"
"Maths","maths_chain2",3,"m270","g3__m270",FALSE,"3"
"Maths","maths_chain2",3,"m271_nv","g3__m271_nv",FALSE,"3"
"Maths","maths_chain2",3,"m272_nv","g3__m272_nv",FALSE,"3"
"Maths","maths_chain2",3,"m273_nv3","g3__m273_nv3",FALSE,"3"
"Maths","maths_chain2",3,"m274_nv3","g3__m274_nv3",FALSE,"3"
"Maths","maths_chain2",3,"m275","g3__m275",FALSE,"3"
"Maths","maths_chain2",3,"m276","g3__m276",FALSE,"3"
"Maths","maths_chain2",3,"m277","g3__m277",FALSE,"3"
"Maths","maths_chain2",3,"m278_nv3","g3__m278_nv3",FALSE,"3"
"Maths","maths_chain2",3,"m280_nv3","g3__m280_nv3",FALSE,"3"
"Maths","maths_chain2",3,"m230_nv","g3_to_g4__m230_nv",TRUE,"3,4"
"Maths","maths_chain2",4,"m230_nv","g3_to_g4__m230_nv",TRUE,"3,4"
"Maths","maths_chain2",3,"m259","g3_to_g4__m259",TRUE,"3,4"
"Maths","maths_chain2",4,"m259","g3_to_g4__m259",TRUE,"3,4"
"Maths","maths_chain2",3,"m279_nv3","g3_to_g4__m279_nv3",TRUE,"3,4"
"Maths","maths_chain2",4,"m279_nv3","g3_to_g4__m279_nv3",TRUE,"3,4"
"Maths","maths_chain2",4,"m2100_nv3","g4__m2100_nv3",FALSE,"4"
"Maths","maths_chain2",4,"m2102","g4__m2102",FALSE,"4"
"Maths","maths_chain2",4,"m2103_nv3","g4__m2103_nv3",FALSE,"4"
"Maths","maths_chain2",4,"m2104_nv","g4__m2104_nv",FALSE,"4"
"Maths","maths_chain2",4,"m2105_nv3","g4__m2105_nv3",FALSE,"4"
"Maths","maths_chain2",4,"m230","g4__m230",FALSE,"4"
"Maths","maths_chain2",4,"m260","g4__m260",FALSE,"4"
"Maths","maths_chain2",4,"m261","g4__m261",FALSE,"4"
"Maths","maths_chain2",4,"m282_nv","g4__m282_nv",FALSE,"4"
"Maths","maths_chain2",4,"m283_nv","g4__m283_nv",FALSE,"4"
"Maths","maths_chain2",4,"m284_nv","g4__m284_nv",FALSE,"4"
"Maths","maths_chain2",4,"m285_nv3","g4__m285_nv3",FALSE,"4"
"Maths","maths_chain2",4,"m289_nv3","g4__m289_nv3",FALSE,"4"
"Maths","maths_chain2",4,"m290_nv","g4__m290_nv",FALSE,"4"
"Maths","maths_chain2",4,"m291","g4__m291",FALSE,"4"
"Maths","maths_chain2",4,"m293_nv2","g4__m293_nv2",FALSE,"4"
"Maths","maths_chain2",4,"m294_nv3","g4__m294_nv3",FALSE,"4"
"Maths","maths_chain2",4,"m295_nv3","g4__m295_nv3",FALSE,"4"
"Maths","maths_chain2",4,"m296_nv3","g4__m296_nv3",FALSE,"4"
"Maths","maths_chain2",4,"m297","g4__m297",FALSE,"4"
"Maths","maths_chain2",4,"m298_nv3","g4__m298_nv3",FALSE,"4"
"Maths","maths_chain2",4,"m299","g4__m299",FALSE,"4"
"Maths","maths_chain2",4,"m2101","g4_to_g5__m2101",TRUE,"4,5"
"Maths","maths_chain2",5,"m2101","g4_to_g5__m2101",TRUE,"4,5"
"Maths","maths_chain2",4,"m2107","g4_to_g5__m2107",TRUE,"4,5"
"Maths","maths_chain2",5,"m2107","g4_to_g5__m2107",TRUE,"4,5"
"Maths","maths_chain2",4,"m2108","g4_to_g5__m2108",TRUE,"4,5"
"Maths","maths_chain2",5,"m2108","g4_to_g5__m2108",TRUE,"4,5"
"Maths","maths_chain2",4,"m286_nv","g4_to_g5__m286_nv",TRUE,"4,5"
"Maths","maths_chain2",5,"m286_nv","g4_to_g5__m286_nv",TRUE,"4,5"
"Maths","maths_chain2",5,"m2104_nv","g5__m2104_nv",FALSE,"5"
"Maths","maths_chain2",5,"m2110_nv","g5__m2110_nv",FALSE,"5"
"Maths","maths_chain2",5,"m2111","g5__m2111",FALSE,"5"
"Maths","maths_chain2",5,"m2112_nv3","g5__m2112_nv3",FALSE,"5"
"Maths","maths_chain2",5,"m21148_nva2","g5__m21148_nva2",FALSE,"5"
"Maths","maths_chain2",5,"m21148_nvb2","g5__m21148_nvb2",FALSE,"5"
"Maths","maths_chain2",5,"m2115_nv","g5__m2115_nv",FALSE,"5"
"Maths","maths_chain2",5,"m2116_nv","g5__m2116_nv",FALSE,"5"
"Maths","maths_chain2",5,"m2118","g5__m2118",FALSE,"5"
"Maths","maths_chain2",5,"m2119_nv3","g5__m2119_nv3",FALSE,"5"
"Maths","maths_chain2",5,"m2120_nv3","g5__m2120_nv3",FALSE,"5"
"Maths","maths_chain2",5,"m2121_nv","g5__m2121_nv",FALSE,"5"
"Maths","maths_chain2",5,"m2123_nv","g5__m2123_nv",FALSE,"5"
"Maths","maths_chain2",5,"m2124_nv","g5__m2124_nv",FALSE,"5"
"Maths","maths_chain2",5,"m2125_nv3","g5__m2125_nv3",FALSE,"5"
"Maths","maths_chain2",5,"m2126_nv3","g5__m2126_nv3",FALSE,"5"
"Maths","maths_chain2",5,"m2128_nv3","g5__m2128_nv3",FALSE,"5"
"Maths","maths_chain2",5,"m2131_nv","g5__m2131_nv",FALSE,"5"
"Maths","maths_chain2",5,"m2133_nv3","g5__m2133_nv3",FALSE,"5"
"Maths","maths_chain2",5,"m2134_nv3","g5__m2134_nv3",FALSE,"5"
"Maths","maths_chain2",5,"m2135","g5__m2135",FALSE,"5"
"Maths","maths_chain2",5,"m2136_nv3","g5__m2136_nv3",FALSE,"5"
"Maths","maths_chain2",5,"m2138","g5__m2138",FALSE,"5"
"Maths","maths_chain2",5,"m2139_nv","g5__m2139_nv",FALSE,"5"
"Maths","maths_chain2",5,"m2140_nv","g5__m2140_nv",FALSE,"5"
"Maths","maths_chain2",5,"m282_nv","g5__m282_nv",FALSE,"5"
"Maths","maths_chain2",5,"m296_nv","g5__m296_nv",FALSE,"5"
"Maths","maths_chain3",6,"m2107","g6__m2107",FALSE,"6"
"Maths","maths_chain3",6,"m2139_nv","g6__m2139_nv",FALSE,"6"
"Maths","maths_chain3",6,"m2140_nv","g6__m2140_nv",FALSE,"6"
"Maths","maths_chain3",6,"m259","g6__m259",FALSE,"6"
"Maths","maths_chain3",6,"m286_nv","g6__m286_nv",FALSE,"6"
"Maths","maths_chain3",6,"m610y3_nv3","g6__m610y3_nv3",FALSE,"6"
"Maths","maths_chain3",6,"m611y3_nv3","g6__m611y3_nv3",FALSE,"6"
"Maths","maths_chain3",6,"m614y3_nv3","g6__m614y3_nv3",FALSE,"6"
"Maths","maths_chain3",6,"m615y3_nv3","g6__m615y3_nv3",FALSE,"6"
"Maths","maths_chain3",6,"m616y3_nv3","g6__m616y3_nv3",FALSE,"6"
"Maths","maths_chain3",6,"m617y3_nv3","g6__m617y3_nv3",FALSE,"6"
"Maths","maths_chain3",6,"m618y3_nv3","g6__m618y3_nv3",FALSE,"6"
"Maths","maths_chain3",6,"m61y3_nv3","g6__m61y3_nv3",FALSE,"6"
"Maths","maths_chain3",6,"m620y3_nv3","g6__m620y3_nv3",FALSE,"6"
"Maths","maths_chain3",6,"m621y3_nv3","g6__m621y3_nv3",FALSE,"6"
"Maths","maths_chain3",6,"m622y3_nv3","g6__m622y3_nv3",FALSE,"6"
"Maths","maths_chain3",6,"m623y3_nv3","g6__m623y3_nv3",FALSE,"6"
"Maths","maths_chain3",6,"m624y3_nv3","g6__m624y3_nv3",FALSE,"6"
"Maths","maths_chain3",6,"m625y3_nv3","g6__m625y3_nv3",FALSE,"6"
"Maths","maths_chain3",6,"m626y3_nv3","g6__m626y3_nv3",FALSE,"6"
"Maths","maths_chain3",6,"m62y3_nv3","g6__m62y3_nv3",FALSE,"6"
"Maths","maths_chain3",6,"m63y3_nv3","g6__m63y3_nv3",FALSE,"6"
"Maths","maths_chain3",6,"m64y3_nv3","g6__m64y3_nv3",FALSE,"6"
"Maths","maths_chain3",6,"m67y3_nv3","g6__m67y3_nv3",FALSE,"6"
"Maths","maths_chain3",6,"m68y3_nv3","g6__m68y3_nv3",FALSE,"6"
"Maths","maths_chain3",6,"m69y3_nv3","g6__m69y3_nv3",FALSE,"6"
