subject,grade,item,p_all,p_treated,p_control,observed_correct_all,observed_correct_treated,observed_correct_control,response_rate_all,response_rate_treated,response_rate_control,missing_rate_all,corrected_item_total,ctt_flag_treated,ctt_flag_all,irt_constant_excluded,item_label,irt_discrimination,irt_difficulty,irt_flag,treated_minus_control,review_bucket,observed_minus_scored_treated,recommendation,recommendation_reason,reason_rank,recommendation_priority,priority_order
French,3,f280,0.27,0.2,0.34,0.323353293413174,0.222222222222222,0.441558441558442,0.835,0.9,0.77,0.165,0.612791866719442,in_range,in_range,False,LIS LES PHRASES SUIVANTES :fruits,1.0,1.45992344711249,in_range,-0.14,treated_below_control,0.0222222222222219,replace,treated_below_control_anomaly,1,1,1
Maths,2,m239_nv2,0.385,0.22,0.55,0.413978494623656,0.236559139784946,0.591397849462366,0.93,0.93,0.93,0.07,0.395637895201134,in_range,in_range,False,12 × 4,1.00044243914808,0.576361357707725,in_range,-0.33000000000000007,treated_below_control,0.0165591397849459,replace,treated_below_control_anomaly,1,1,1
Maths,2,m240_nv3,0.415,0.27,0.56,0.451086956521739,0.293478260869565,0.608695652173913,0.92,0.92,0.92,0.08,0.371045816766161,in_range,in_range,False,43 x 2,0.941014719704071,0.444739780171323,in_range,-0.29000000000000004,treated_below_control,0.023478260869565,replace,treated_below_control_anomaly,1,1,1
Maths,3,m275,0.28643216080402,0.222222222222222,0.35,0.367741935483871,0.265060240963855,0.486111111111111,0.778894472361809,0.838383838383838,0.72,0.221105527638191,0.543874754558064,in_range,in_range,False,The students of the third level at the school created a garden in the shape of a,1.98784678173998,0.719681620558068,in_range,-0.127777777777778,treated_below_control,0.042838018741633,replace,treated_below_control_anomaly,1,1,1
Maths,3,m278_nv3,0.663316582914573,0.585858585858586,0.74,0.763005780346821,0.69047619047619,0.831460674157303,0.869346733668342,0.848484848484849,0.89,0.130653266331658,0.499299747184058,in_range,in_range,False,What is the title of the story that was read by 1 student only?,1.82362962266419,-0.566442653862514,in_range,-0.15414141414141402,treated_below_control,0.104617604617604,replace,treated_below_control_anomaly,1,1,1
Maths,4,m294_nv3,0.495,0.43,0.56,0.50253807106599,0.434343434343434,0.571428571428572,0.985,0.99,0.98,0.015,0.409536971453354,in_range,in_range,False,3/5 + 1/5 =,1.07566275617712,0.038566720574698,in_range,-0.13000000000000006,treated_below_control,0.0043434343434339,replace,treated_below_control_anomaly,1,1,1
Maths,6,m620y3_nv3,0.140540540540541,0.0666666666666667,0.210526315789474,0.179310344827586,0.0857142857142857,0.266666666666667,0.783783783783784,0.777777777777778,0.789473684210526,0.216216216216216,0.364762756044356,very_hard,in_range,False,Conclude the size of the angle ACB,1.0,2.60158324522836,very_hard,-0.1438596491228073,hard_high_coverage,0.019047619047619,replace,treated_below_control_anomaly,1,1,1
Maths,6,m68y3_nv3,0.162162162162162,0.1,0.221052631578947,0.184049079754601,0.111111111111111,0.25609756097561,0.881081081081081,0.9,0.863157894736842,0.118918918918919,0.490629166582109,very_hard,in_range,False,8/5+7/4=,1.0,2.37511597260699,very_hard,-0.121052631578947,hard_high_coverage,0.0111111111111109,replace,treated_below_control_anomaly,1,1,1
Arabic,5,a2164_nv,0.0358974358974359,0.0421052631578947,0.03,0.0432098765432099,0.0493827160493827,0.0370370370370371,0.830769230769231,0.852631578947368,0.81,0.169230769230769,0.171458268337475,very_hard,very_hard,False,Understanding informational texts: Put an X in front of all the similarities. 6,0.952196675225828,3.86492808550302,very_hard,0.012105263157894702,hard_high_coverage,0.0072774528914879,replace,too_hard_replace,2,1,1
Maths,4,m295_nv3,0.075,0.05,0.1,0.0815217391304348,0.0537634408602151,0.10989010989011,0.92,0.93,0.91,0.08,0.258607041715175,very_hard,very_hard,False,"Hamid works five days a week. Each day he works, he earns 65 dirhams. ✓ Calculat",1.33371187138325,2.36036165911619,very_hard,-0.05,hard_high_coverage,0.0037634408602151,replace,too_hard_replace,2,1,1
Maths,5,m2119_nv3,0.0578947368421053,0.0444444444444444,0.07,0.0607734806629835,0.0470588235294117,0.0729166666666667,0.952631578947368,0.944444444444444,0.96,0.0473684210526316,0.310733098940553,very_hard,very_hard,False,5/3  + 3/2 =,2.60357737110858,1.84132443341422,in_range,-0.02555555555555561,hard_high_coverage,0.0026143790849673,replace,too_hard_replace,2,1,1
Maths,5,m2120_nv3,0.0526315789473684,0.0555555555555556,0.05,0.0558659217877095,0.0595238095238095,0.0526315789473684,0.942105263157895,0.933333333333333,0.95,0.0578947368421052,0.266330299485323,very_hard,very_hard,False,9/5 - 1/2 =,2.23828801460536,2.0075377449267,very_hard,0.005555555555555598,hard_high_coverage,0.0039682539682538,replace,too_hard_replace,2,1,1
Maths,5,m2121_nv,0.0315789473684211,0.0555555555555556,0.01,0.0338983050847458,0.0595238095238095,0.010752688172043,0.931578947368421,0.933333333333333,0.93,0.0684210526315789,0.194394124719328,very_hard,very_hard,False,2/5 + 1/10 =,1.51755623609215,2.83686316811805,very_hard,0.0455555555555556,hard_high_coverage,0.0039682539682538,replace,too_hard_replace,2,1,1
Maths,6,m610y3_nv3,0.0432432432432432,0.0555555555555556,0.0315789473684211,0.0512820512820513,0.0617283950617284,0.04,0.843243243243243,0.9,0.789473684210526,0.156756756756757,0.383978938868487,very_hard,very_hard,False,"Put in ascending order: 12,315; 12+3/100; 12; 121/10, 12,3",1.0,4.21825850124123,very_hard,0.0239766081871345,hard_high_coverage,0.0061728395061727,replace,too_hard_replace,2,1,1
Arabic,1,a118y3_nv3,0.94413407821229,0.968421052631579,0.916666666666667,0.94413407821229,0.968421052631579,0.916666666666667,1.0,1.0,1.0,0.0,0.566422869000966,very_easy,very_easy,False,Read the letters,1.0,-4.47346974903401,very_easy,0.051754385964912,easy_high_coverage,0.0,replace,shared_ceiling_limited_incremental_value,4,1,1
Arabic,1,a115y3_nv3,0.94413407821229,0.978947368421053,0.904761904761905,0.94413407821229,0.978947368421053,0.904761904761905,1.0,1.0,1.0,0.0,0.529415933362669,very_easy,very_easy,False,Read the letters,1.0,-4.47346974903401,very_easy,0.07418546365914802,easy_high_coverage,0.0,replace,shared_ceiling_limited_incremental_value,4,1,1
Arabic,1,a117y3_nv3,0.949720670391061,0.978947368421053,0.916666666666667,0.955056179775281,0.978947368421053,0.927710843373494,0.994413407821229,1.0,0.988095238095238,0.005586592178771,0.488745182003181,very_easy,very_easy,False,Read the letters,1.0,-4.6334019367293,very_easy,0.06228070175438605,easy_high_coverage,0.0,replace,shared_ceiling_limited_incremental_value,4,1,1
Arabic,1,a122y3_nv3,0.972067039106145,1.0,0.94047619047619,0.972067039106145,1.0,0.94047619047619,1.0,1.0,1.0,0.0,0.369453173418426,very_easy,very_easy,False,Read the letters,1.0,-5.45890292137282,very_easy,0.05952380952380998,easy_high_coverage,0.0,replace,shared_ceiling_limited_incremental_value,4,1,1
Arabic,2,a214_nv,0.95,0.98,0.92,0.964467005076142,0.98,0.948453608247423,0.985,1.0,0.97,0.015,0.259882875008801,very_easy,very_easy,False,Read the letters,1.0,-3.67032533114045,very_easy,0.05999999999999994,easy_high_coverage,0.0,replace,shared_ceiling_limited_incremental_value,4,1,1
Arabic,2,a215,0.98,0.99,0.97,0.98,0.99,0.97,1.0,1.0,1.0,0.0,0.15251129890514,very_easy,very_easy,False,Read the letters,1.0,-4.6976000581069,very_easy,0.020000000000000018,easy_high_coverage,0.0,replace,shared_ceiling_limited_incremental_value,4,1,1
Arabic,2,a218,0.98,0.99,0.97,0.98989898989899,0.99,0.989795918367347,0.99,1.0,0.98,0.01,0.285757580895311,very_easy,very_easy,False,Read the letters,1.0,-4.6976000581069,very_easy,0.020000000000000018,easy_high_coverage,0.0,replace,shared_ceiling_limited_incremental_value,4,1,1
Arabic,2,a217,0.985,1.0,0.97,0.994949494949495,1.0,0.989795918367347,0.99,1.0,0.98,0.01,0.177719438468647,very_easy,very_easy,False,Read the letters,1.0,-5.00566124547638,very_easy,0.030000000000000027,easy_high_coverage,0.0,replace,shared_ceiling_limited_incremental_value,4,1,1
Arabic,3,a219_nv,0.945,0.97,0.92,0.945,0.97,0.92,1.0,1.0,1.0,0.0,0.293226907861462,very_easy,very_easy,False,Read the letters,1.89688709677013,-2.23517380836115,very_easy,0.04999999999999993,easy_high_coverage,0.0,replace,shared_ceiling_limited_incremental_value,4,1,1
Arabic,3,a214_nv,0.975,0.98,0.97,0.979899497487437,0.98,0.97979797979798,0.995,1.0,0.99,0.005,0.16783878517561,very_easy,very_easy,False,Read the letters,1.5352588760985,-3.09966646283413,very_easy,0.010000000000000009,easy_high_coverage,0.0,replace,shared_ceiling_limited_incremental_value,4,1,1
Arabic,3,a217,0.975,0.99,0.96,0.979899497487437,0.99,0.96969696969697,0.995,1.0,0.99,0.005,0.103708944419075,very_easy,very_easy,False,Read the letters,0.8842325274382,-4.57035006024324,very_easy,0.030000000000000027,easy_high_coverage,0.0,replace,shared_ceiling_limited_incremental_value,4,1,1
Arabic,3,a215,0.99,1.0,0.98,0.99,1.0,0.98,1.0,1.0,1.0,0.0,0.169417855445184,very_easy,very_easy,False,Read the letters,4.05487776338805,-2.6630001882598,very_easy,0.020000000000000018,easy_high_coverage,0.0,replace,shared_ceiling_limited_incremental_value,4,1,1
Arabic,3,a218,0.97,1.0,0.94,0.974874371859296,1.0,0.94949494949495,0.995,1.0,0.99,0.005,0.247774437305961,very_easy,very_easy,False,Read the letters,2.0346654498268,-2.58015424441323,very_easy,0.06000000000000005,easy_high_coverage,0.0,replace,shared_ceiling_limited_incremental_value,4,1,1
Arabic,5,a2137,0.958974358974359,0.968421052631579,0.95,0.979057591623037,0.989247311827957,0.969387755102041,0.97948717948718,0.978947368421053,0.98,0.0205128205128206,0.329859828236442,very_easy,very_easy,False,Take the floor and speak freely about the end of the year party: mention the act,3.07832855589747,-2.10119522528949,very_easy,0.018421052631579005,easy_high_coverage,0.020826259196378,replace,shared_ceiling_limited_incremental_value,4,1,1
French,6,f2118,0.958974358974359,0.978947368421053,0.94,0.958974358974359,0.978947368421053,0.94,1.0,1.0,1.0,0.0,0.245676048699096,very_easy,very_easy,False,RELIE CHAQUE MOT A L'IMAGE CORRESPONDANTE: tomate,2.10998550964476,-2.26481631071468,very_easy,0.038947368421053064,easy_high_coverage,0.0,replace,shared_ceiling_limited_incremental_value,4,1,1
French,6,f2119,0.948717948717949,0.989473684210526,0.91,0.948717948717949,0.989473684210526,0.91,1.0,1.0,1.0,0.0,0.239802871997491,very_easy,very_easy,False,RELIE CHAQUE MOT A L'IMAGE CORRESPONDANTE: école,1.6628298448871,-2.38538578393592,very_easy,0.07947368421052592,easy_high_coverage,0.0,replace,shared_ceiling_limited_incremental_value,4,1,1
Maths,2,m222,0.925,0.95,0.9,0.943877551020408,0.95959595959596,0.927835051546392,0.98,0.99,0.97,0.02,0.264129344095594,very_easy,very_easy,False,Connect the digital clock and the analog clock with a line: (12:00),1.01041889837509,-2.90488394293847,very_easy,0.04999999999999993,easy_high_coverage,0.00959595959596,replace,shared_ceiling_limited_incremental_value,4,1,1
Maths,3,m222,0.939698492462312,0.93939393939394,0.94,0.939698492462312,0.93939393939394,0.94,1.0,1.0,1.0,0.0,0.177368076466467,very_easy,very_easy,False,Connect the digital clock and the analog clock with a line: (12:00),0.960720736743578,-3.25693262218244,very_easy,-0.0006060606060599438,easy_high_coverage,0.0,replace,shared_ceiling_limited_incremental_value,4,1,1
Arabic,4,a2134,0.215,0.26,0.17,0.41747572815534,0.481481481481482,0.346938775510204,0.515,0.54,0.49,0.485,0.450281896364907,in_range,in_range,False,Write a text about internet use: write at least 3 lines (30 words),1.59377643525924,1.16602198969307,in_range,0.09,,0.221481481481482,keep_but_fix_administration,low_coverage_missing_drives_difficulty,5,2,2
Arabic,4,a2130_nv,0.275,0.33,0.22,0.474137931034483,0.568965517241379,0.379310344827586,0.58,0.58,0.58,0.42,0.542227228521868,in_range,in_range,False,Writing an argumentative text about usage of internet : Write 2 Benefits of inte,1.93421229114673,0.812992737290322,in_range,0.11000000000000001,,0.238965517241379,keep_but_fix_administration,low_coverage_missing_drives_difficulty,5,2,2
Arabic,4,a2133,0.285,0.34,0.23,0.542857142857143,0.607142857142857,0.469387755102041,0.525,0.56,0.49,0.475,0.480936377538518,in_range,in_range,False,Write a text about internet use: clear handwriting with no more than 4 scribblin,1.50573732273252,0.865788087605459,in_range,0.11000000000000001,,0.2671428571428569,keep_but_fix_administration,low_coverage_missing_drives_difficulty,5,2,2
Arabic,5,a629y3_nv3,0.374358974358974,0.442105263157895,0.31,0.669724770642202,0.688524590163935,0.645833333333333,0.558974358974359,0.642105263157895,0.48,0.441025641025641,0.609909334320774,in_range,in_range,False,Writing an argumentative text about usage of internet : Presenting at least 2 ar,3.15151405112697,0.390696031934319,in_range,0.132105263157895,,0.2464193270060399,keep_but_fix_administration,low_coverage_missing_drives_difficulty,5,2,2
Arabic,5,a631y3_nv3,0.37948717948718,0.452631578947368,0.31,0.672727272727273,0.693548387096774,0.645833333333333,0.564102564102564,0.652631578947368,0.48,0.435897435897436,0.569690132026366,in_range,in_range,False,Write a text about internet use: clear handwriting,2.48011730645772,0.396613818684449,in_range,0.142631578947368,,0.240916808149406,keep_but_fix_administration,low_coverage_missing_drives_difficulty,5,2,2
Arabic,5,a2130_nv,0.425641025641026,0.463157894736842,0.39,0.728070175438596,0.698412698412698,0.764705882352941,0.584615384615385,0.663157894736842,0.51,0.415384615384615,0.605482866958528,in_range,in_range,False,Writing an argumentative text about usage of internet : Write 2 Benefits of inte,2.54959404903358,0.257082909512932,in_range,0.07315789473684198,,0.235254803675856,keep_but_fix_administration,low_coverage_missing_drives_difficulty,5,2,2
Arabic,6,a638y3_nv3,0.158974358974359,0.189473684210526,0.13,0.348314606741573,0.4,0.295454545454545,0.456410256410256,0.473684210526316,0.44,0.543589743589744,0.491232244072097,in_range,in_range,False,Write a text about internet use: write at least 6 lines (60 words),3.31559792485815,1.10086610539734,in_range,0.059473684210525984,,0.210526315789474,keep_but_fix_administration,low_coverage_missing_drives_difficulty,5,2,2
Arabic,6,a630y3_nv3,0.215384615384615,0.252631578947368,0.18,0.494117647058824,0.558139534883721,0.428571428571429,0.435897435897436,0.452631578947368,0.42,0.564102564102564,0.572006442204972,in_range,in_range,False,Write a text about internet use: no more than 8 errors,4.41040498127911,0.841111587530829,in_range,0.07263157894736799,,0.305507955936353,keep_but_fix_administration,low_coverage_missing_drives_difficulty,5,2,2
Arabic,6,a630y3_nv3_el,0.276923076923077,0.273684210526316,0.28,0.47787610619469,0.5,0.459016393442623,0.57948717948718,0.547368421052632,0.61,0.42051282051282,0.578397016857554,in_range,in_range,False,Understanding informational texts: from the text why the children are more affec,2.34943729299953,0.751366850971753,in_range,-0.0063157894736840525,,0.226315789473684,keep_but_fix_administration,low_coverage_missing_drives_difficulty,5,2,2
Arabic,6,a629y3_nv3,0.246153846153846,0.28421052631579,0.21,0.607594936708861,0.710526315789474,0.51219512195122,0.405128205128205,0.4,0.41,0.594871794871795,0.549151550399471,in_range,in_range,False,Writing an argumentative text about usage of internet : Presenting at least 2 ar,3.05532105711996,0.79900916420408,in_range,0.07421052631579003,,0.426315789473684,keep_but_fix_administration,low_coverage_missing_drives_difficulty,5,2,2
Arabic,6,a632y3_nv3_el,0.282051282051282,0.31578947368421,0.25,0.572916666666667,0.652173913043478,0.5,0.492307692307692,0.48421052631579,0.5,0.507692307692308,0.580129669370657,in_range,in_range,False,Understanding informational texts: imagine a family member got corona use the te,2.6388501855237,0.709230905436712,in_range,0.06578947368421001,,0.336384439359268,keep_but_fix_administration,low_coverage_missing_drives_difficulty,5,2,2
Arabic,6,a2130_nv,0.333333333333333,0.326315789473684,0.34,0.722222222222222,0.688888888888889,0.755555555555556,0.461538461538462,0.473684210526316,0.45,0.538461538461538,0.595270249134081,in_range,in_range,False,Writing an argumentative text about usage of internet : Write 2 Benefits of inte,3.32426876045828,0.522877191195933,in_range,-0.01368421052631602,,0.362573099415205,keep_but_fix_administration,low_coverage_missing_drives_difficulty,5,2,2
Arabic,6,a631y3_nv3,0.307692307692308,0.357894736842105,0.26,0.681818181818182,0.755555555555556,0.604651162790698,0.451282051282051,0.473684210526316,0.43,0.548717948717949,0.605572690515332,in_range,in_range,False,Write a text about internet use: clear handwriting,4.04609152438441,0.578307292434557,in_range,0.09789473684210498,,0.397660818713451,keep_but_fix_administration,low_coverage_missing_drives_difficulty,5,2,2
Arabic,6,a634y3_nv3,0.348717948717949,0.357894736842105,0.34,0.764044943820225,0.772727272727273,0.755555555555556,0.456410256410256,0.463157894736842,0.45,0.543589743589744,0.602126140562405,in_range,in_range,False,Writing an argumentative text about usage of internet : Write 2 dangers of inter,3.78291171507148,0.471335021723914,in_range,0.017894736842104964,,0.414832535885168,keep_but_fix_administration,low_coverage_missing_drives_difficulty,5,2,2
Arabic,6,a631y3_nv3_el,0.333333333333333,0.378947368421053,0.29,0.601851851851852,0.705882352941176,0.508771929824561,0.553846153846154,0.536842105263158,0.57,0.446153846153846,0.620099223814351,in_range,in_range,False,Understanding informational texts: whats the main idea of the first paragraph,2.77137850953824,0.541195056866288,in_range,0.088947368421053,,0.326934984520123,keep_but_fix_administration,low_coverage_missing_drives_difficulty,5,2,2
Arabic,6,a628y3_nv3,0.456410256410256,0.48421052631579,0.43,0.741666666666667,0.73015873015873,0.754385964912281,0.615384615384615,0.663157894736842,0.57,0.384615384615385,0.499175579146815,in_range,in_range,False,Understanding informational texts: extract from the text what indicate that coro,1.49162317590842,0.193808766085677,in_range,0.054210526315789986,,0.24594820384294,keep_but_fix_administration,low_coverage_missing_drives_difficulty,5,2,2
French,1,f23,0.0769230769230769,0.07,0.0842105263157895,0.394736842105263,0.4375,0.363636363636364,0.194871794871795,0.16,0.231578947368421,0.805128205128205,0.285143261764088,very_hard,very_hard,False,C'EST QUEL JOUR AUJOURD'HUI ?,1.0,3.41870962639563,very_hard,-0.014210526315789493,hard_low_coverage,0.3675,keep_but_fix_administration,low_coverage_missing_drives_difficulty,5,2,2
French,1,f24,0.241025641025641,0.25,0.231578947368421,0.522222222222222,0.520833333333333,0.523809523809524,0.461538461538462,0.48,0.442105263157895,0.538461538461538,0.402263516172546,in_range,in_range,False,METS LE DOIGT SUR CHAQUE IMAGE ET DIS-MOI CE QUE C'EST EN FRANÇAIS :Chien,1.0,1.61620767444014,in_range,0.018421052631579005,,0.270833333333333,keep_but_fix_administration,low_coverage_missing_drives_difficulty,5,2,2
French,1,f243,0.251282051282051,0.3,0.2,0.480392156862745,0.508474576271186,0.441860465116279,0.523076923076923,0.59,0.452631578947368,0.476923076923077,0.588482020263217,in_range,in_range,False,LIS LES MOTS SUIVANTS A VOIX HAUTE:zoro,1.0,1.53802987042641,in_range,0.09999999999999998,,0.2084745762711859,keep_but_fix_administration,low_coverage_missing_drives_difficulty,5,2,2
French,1,f22,0.18974358974359,0.31,0.0631578947368421,0.660714285714286,0.775,0.375,0.287179487179487,0.4,0.168421052631579,0.712820512820513,0.431644564765323,in_range,in_range,False,TU ES EN QUELLE CLASSE ?,1.0,2.04233857129797,very_hard,0.24684210526315792,,0.465,keep_but_fix_administration,low_coverage_missing_drives_difficulty,5,2,2
French,1,f232_nv,0.261538461538462,0.34,0.178947368421053,0.472222222222222,0.557377049180328,0.361702127659574,0.553846153846154,0.61,0.494736842105263,0.446153846153846,0.667230903172411,in_range,in_range,False,LIS LES MOTS SUIVANTS A VOIX HAUTE:limonade,1.0,1.46171557428761,in_range,0.16105263157894703,,0.217377049180328,keep_but_fix_administration,low_coverage_missing_drives_difficulty,5,2,2
French,1,f29,0.348717948717949,0.37,0.326315789473684,0.68,0.711538461538461,0.645833333333333,0.512820512820513,0.52,0.505263157894737,0.487179487179487,0.403939056084184,in_range,in_range,False,METS LE DOIGT SUR CHAQUE IMAGE ET DIS-MOI CE QUE C'EST EN FRANÇAIS :Voiture/auto,1.0,0.86899765233727,in_range,0.04368421052631599,,0.341538461538461,keep_but_fix_administration,low_coverage_missing_drives_difficulty,5,2,2
French,1,f239,0.302564102564103,0.41,0.189473684210526,0.551401869158878,0.650793650793651,0.409090909090909,0.548717948717949,0.63,0.463157894736842,0.451282051282051,0.710657199235577,in_range,in_range,False,LIS LES LMOTS SUIVANTS A VOIX HAUTE: vélo,1.0,1.17207526293687,in_range,0.220526315789474,,0.240793650793651,keep_but_fix_administration,low_coverage_missing_drives_difficulty,5,2,2
French,1,f235_nv,0.292307692307692,0.42,0.157894736842105,0.495652173913043,0.636363636363636,0.306122448979592,0.58974358974359,0.66,0.515789473684211,0.41025641025641,0.649423257015939,in_range,in_range,False,LIS LES MOTS SUIVANTS A VOIX HAUTE:pire,1.0,1.24240750269598,in_range,0.26210526315789495,,0.216363636363636,keep_but_fix_administration,low_coverage_missing_drives_difficulty,5,2,2
French,1,f229,0.328205128205128,0.45,0.2,0.556521739130435,0.681818181818182,0.387755102040816,0.58974358974359,0.66,0.515789473684211,0.41025641025641,0.65077260261817,in_range,in_range,False,LIS LES MOTS SUIVANTS A VOIX HAUTE:bali,1.0,1.00125610181112,in_range,0.25,,0.2318181818181819,keep_but_fix_administration,low_coverage_missing_drives_difficulty,5,2,2
French,1,f21,0.271794871794872,0.47,0.0631578947368421,0.726027397260274,0.796610169491525,0.428571428571429,0.374358974358974,0.59,0.147368421052632,0.625641025641026,0.51044224919693,in_range,in_range,False,TU AS QUEL AGE ? QUEL AGE AS-TU ?,1.0,1.38710206076416,in_range,0.4068421052631579,,0.326610169491525,keep_but_fix_administration,low_coverage_missing_drives_difficulty,5,2,2
French,1,f230,0.37948717948718,0.5,0.252631578947368,0.621848739495798,0.746268656716418,0.461538461538462,0.61025641025641,0.67,0.547368421052632,0.38974358974359,0.683758865244432,in_range,in_range,False,LIS LES MOTS SUIVANTS A VOIX HAUTE: banane,1.0,0.67647463000729,in_range,0.24736842105263201,,0.2462686567164179,keep_but_fix_administration,low_coverage_missing_drives_difficulty,5,2,2
French,1,f234,0.415384615384615,0.52,0.305263157894737,0.648,0.732394366197183,0.537037037037037,0.641025641025641,0.71,0.568421052631579,0.358974358974359,0.732076179840362,in_range,in_range,False,LIS LES MOTS SUIVANTS A VOIX HAUTE:tomate,1.0,0.458667885743508,in_range,0.214736842105263,,0.212394366197183,keep_but_fix_administration,low_coverage_missing_drives_difficulty,5,2,2
French,1,f236,0.415384615384615,0.52,0.305263157894737,0.686440677966102,0.742857142857143,0.604166666666667,0.605128205128205,0.7,0.505263157894737,0.394871794871795,0.681481263883438,in_range,in_range,False,LIS LES MOTS SUIVANTS A VOIX HAUTE: lama,1.0,0.458667885743509,in_range,0.214736842105263,,0.2228571428571429,keep_but_fix_administration,low_coverage_missing_drives_difficulty,5,2,2
French,1,f25,0.456410256410256,0.54,0.368421052631579,0.723577235772358,0.794117647058824,0.636363636363636,0.630769230769231,0.68,0.578947368421053,0.369230769230769,0.465546282788998,in_range,in_range,False,METS LE DOIGT SUR CHAQUE IMAGE ET DIS-MOI CE QUE C'EST EN FRANÇAIS :Cheval,1.0,0.215848383342355,in_range,0.17157894736842105,,0.254117647058824,keep_but_fix_administration,low_coverage_missing_drives_difficulty,5,2,2
French,1,f226,0.492307692307692,0.55,0.431578947368421,0.690647482014388,0.753424657534247,0.621212121212121,0.712820512820513,0.73,0.694736842105263,0.287179487179487,0.606915835674343,in_range,in_range,False,LIS LES LETTRES SUIVANTES A VOIX HAUTE: V,1.0,0.0064514598058929,in_range,0.11842105263157904,,0.203424657534247,keep_but_fix_administration,low_coverage_missing_drives_difficulty,5,2,2
French,1,f28,0.441025641025641,0.56,0.31578947368421,0.774774774774775,0.861538461538462,0.652173913043478,0.569230769230769,0.65,0.48421052631579,0.430769230769231,0.489075050915194,in_range,in_range,False,METS LE DOIGT SUR CHAQUE IMAGE ET DIS-MOI CE QUE C'EST EN FRANÇAIS : Maison,1.0,0.306327288611822,in_range,0.24421052631579004,,0.301538461538462,keep_but_fix_administration,low_coverage_missing_drives_difficulty,5,2,2
French,1,f27,0.41025641025641,0.6,0.210526315789474,0.714285714285714,0.821917808219178,0.512820512820513,0.574358974358974,0.73,0.410526315789474,0.425641025641026,0.539455987628402,in_range,in_range,False,METS LE DOIGT SUR CHAQUE IMAGE ET DIS-MOI CE QUE C'EST EN FRANÇAIS : Lit,1.0,0.489420969545393,in_range,0.38947368421052597,,0.221917808219178,keep_but_fix_administration,low_coverage_missing_drives_difficulty,5,2,2
French,2,f23,0.170854271356784,0.11,0.232323232323232,0.53968253968254,0.392857142857143,0.657142857142857,0.316582914572864,0.28,0.353535353535354,0.683417085427136,0.251805872864159,in_range,in_range,False,C'EST QUEL JOUR AUJOURD'HUI ?,0.753446103678888,2.32379129545467,very_hard,-0.12232323232323199,hard_low_coverage,0.282857142857143,keep_but_fix_administration,low_coverage_missing_drives_difficulty,5,2,2
French,2,f21,0.0954773869346734,0.16,0.0303030303030303,0.487179487179487,0.592592592592593,0.25,0.195979899497487,0.27,0.121212121212121,0.804020100502513,0.330914802708365,in_range,very_hard,False,TU AS QUEL AGE ? QUEL AGE AS-TU ?,1.28926883152574,2.18161925543308,very_hard,0.1296969696969697,,0.432592592592593,keep_but_fix_administration,low_coverage_missing_drives_difficulty,5,2,2
French,2,f295,0.175879396984925,0.17,0.181818181818182,0.4375,0.414634146341463,0.461538461538462,0.402010050251256,0.41,0.393939393939394,0.597989949748744,0.489073262876597,in_range,in_range,False,ECRIS LE MOT CORRESPONDANT A L'IMAGE:cheval,1.81425259953127,1.28068868838759,in_range,-0.011818181818181978,,0.244634146341463,keep_but_fix_administration,low_coverage_missing_drives_difficulty,5,2,2
French,2,f260,0.190954773869347,0.23,0.151515151515152,0.633333333333333,0.560975609756098,0.789473684210526,0.301507537688442,0.41,0.191919191919192,0.698492462311558,0.287077866153912,in_range,in_range,False,C'EST AMINE SUR L'IMAGE. JE VAIS TE POSER DES QUESTIONS. REPONDS-MOI AVEC UNE PH,0.766140139164267,2.10077605251044,very_hard,0.07848484848484802,,0.3309756097560979,keep_but_fix_administration,low_coverage_missing_drives_difficulty,5,2,2
French,2,f22_nv,0.14572864321608,0.24,0.0505050505050505,0.408450704225352,0.452830188679245,0.277777777777778,0.35678391959799,0.53,0.181818181818182,0.64321608040201,0.295199106926973,in_range,in_range,False,QU'EST-CE QUE TU FAIS EN CLASSE?,0.805216350610183,2.45587172336326,very_hard,0.1894949494949495,,0.212830188679245,keep_but_fix_administration,low_coverage_missing_drives_difficulty,5,2,2
French,2,f259,0.311557788944724,0.42,0.202020202020202,0.775,0.777777777777778,0.769230769230769,0.402010050251256,0.54,0.262626262626263,0.597989949748744,0.484545992208227,in_range,in_range,False,C'EST AMINE SUR L'IMAGE. JE VAIS TE POSER DES QUESTIONS. REPONDS-MOI AVEC UNE PH,1.26790623305693,0.823525470175012,in_range,0.217979797979798,,0.357777777777778,keep_but_fix_administration,low_coverage_missing_drives_difficulty,5,2,2
French,2,f261,0.301507537688442,0.53,0.0707070707070707,0.8,0.841269841269841,0.583333333333333,0.376884422110553,0.63,0.121212121212121,0.623115577889447,0.526870496097128,in_range,in_range,False,C'EST Lina SUR L'IMAGE. JE VAIS TE POSER DES QUESTIONS. REPONDS-MOI AVEC UNE PHR,1.42300817920934,0.815856337229338,in_range,0.4592929292929293,,0.3112698412698409,keep_but_fix_administration,low_coverage_missing_drives_difficulty,5,2,2
French,3,f23,0.19,0.11,0.27,0.612903225806452,0.366666666666667,0.84375,0.31,0.3,0.32,0.69,0.333985466556172,in_range,in_range,False,C'EST QUEL JOUR AUJOURD'HUI ?,1.0,2.09219174855125,very_hard,-0.16000000000000003,hard_low_coverage,0.256666666666667,keep_but_fix_administration,low_coverage_missing_drives_difficulty,5,2,2
French,3,f260,0.285,0.34,0.23,0.633333333333333,0.557377049180328,0.793103448275862,0.45,0.61,0.29,0.55,0.4964969288788,in_range,in_range,False,C'EST AMINE SUR L'IMAGE. JE VAIS TE POSER DES QUESTIONS. REPONDS-MOI AVEC UNE PH,1.0,1.35361651892165,in_range,0.11000000000000001,,0.217377049180328,keep_but_fix_administration,low_coverage_missing_drives_difficulty,5,2,2
French,3,f261,0.255,0.4,0.11,0.548387096774194,0.615384615384615,0.392857142857143,0.465,0.65,0.28,0.535,0.482587115342551,in_range,in_range,False,C'EST Lina SUR L'IMAGE. JE VAIS TE POSER DES QUESTIONS. REPONDS-MOI AVEC UNE PHR,1.0,1.56932552106852,in_range,0.29000000000000004,,0.2153846153846149,keep_but_fix_administration,low_coverage_missing_drives_difficulty,5,2,2
French,3,f259,0.41,0.51,0.31,0.738738738738739,0.71830985915493,0.775,0.555,0.71,0.4,0.445,0.487816759351786,in_range,in_range,False,C'EST AMINE SUR L'IMAGE. JE VAIS TE POSER DES QUESTIONS. REPONDS-MOI AVEC UNE PH,1.0,0.545477574211193,in_range,0.2,,0.2083098591549299,keep_but_fix_administration,low_coverage_missing_drives_difficulty,5,2,2
French,4,f2101,0.07,0.06,0.08,0.358974358974359,0.272727272727273,0.470588235294118,0.195,0.22,0.17,0.805,0.237426335059199,very_hard,very_hard,False,COMMENT TU VIENS A L'ECOLE ?,0.87079900931216,3.33166148453151,very_hard,-0.020000000000000004,hard_low_coverage,0.212727272727273,keep_but_fix_administration,low_coverage_missing_drives_difficulty,5,2,2
French,4,f2100,0.065,0.09,0.04,0.342105263157895,0.375,0.285714285714286,0.19,0.24,0.14,0.81,0.393927241842631,very_hard,very_hard,False,A QUELLE HEURE TU VIENS A L'ECOLE LE MATIN ?,1.97643483489623,2.04550935451747,very_hard,0.049999999999999996,hard_low_coverage,0.285,keep_but_fix_administration,low_coverage_missing_drives_difficulty,5,2,2
French,4,f2102,0.115,0.12,0.11,0.621621621621622,0.571428571428571,0.6875,0.185,0.21,0.16,0.815,0.442932422680247,in_range,in_range,False,QU'EST-CE QUE TU FAIS PENDANT LES VACANCES?,1.68075634447906,1.72941082841227,in_range,0.009999999999999995,hard_low_coverage,0.4514285714285709,keep_but_fix_administration,low_coverage_missing_drives_difficulty,5,2,2
French,4,f2112,0.105,0.17,0.04,0.428571428571429,0.515151515151515,0.25,0.245,0.33,0.16,0.755,0.489133616140912,in_range,in_range,False,Lina dort dans son lit,2.31222603348446,1.57336796433872,in_range,0.13,,0.345151515151515,keep_but_fix_administration,low_coverage_missing_drives_difficulty,5,2,2
French,4,f23,0.27,0.23,0.31,0.72,0.71875,0.72093023255814,0.375,0.32,0.43,0.625,0.380547129214958,in_range,in_range,False,C'EST QUEL JOUR AUJOURD'HUI ?,1.05669516524759,1.14320445899022,in_range,-0.07999999999999999,,0.48875,keep_but_fix_administration,low_coverage_missing_drives_difficulty,5,2,2
French,4,f2105,0.18,0.24,0.12,0.765957446808511,0.774193548387097,0.75,0.235,0.31,0.16,0.765,0.414548940456959,in_range,in_range,False,QUEL EST TON PLAT PREFERE?,1.21443179648002,1.57355284498757,in_range,0.12,,0.534193548387097,keep_but_fix_administration,low_coverage_missing_drives_difficulty,5,2,2
French,4,f2104,0.175,0.26,0.09,0.729166666666667,0.764705882352941,0.642857142857143,0.24,0.34,0.14,0.76,0.465265250996876,in_range,in_range,False,QUELLE EST TA MATIERE PREFEREE A L'ECOLE ?,1.49985954737343,1.41662340431319,in_range,0.17,,0.504705882352941,keep_but_fix_administration,low_coverage_missing_drives_difficulty,5,2,2
French,4,f2108,0.17,0.26,0.08,0.395348837209302,0.481481481481482,0.25,0.43,0.54,0.32,0.57,0.557757842740103,in_range,in_range,False,Lina va à la plage avec sa famille.,2.26596892929267,1.19671291811947,in_range,0.18,,0.221481481481482,keep_but_fix_administration,low_coverage_missing_drives_difficulty,5,2,2
French,4,f2110,0.18,0.26,0.1,0.642857142857143,0.634146341463415,0.666666666666667,0.28,0.41,0.15,0.72,0.560174939626325,in_range,in_range,False,Lina joue sur le sable.,2.48610322220425,1.11048094273122,in_range,0.16,,0.3741463414634149,keep_but_fix_administration,low_coverage_missing_drives_difficulty,5,2,2
French,4,f2109,0.17,0.29,0.05,0.618181818181818,0.659090909090909,0.454545454545455,0.275,0.44,0.11,0.725,0.526474445557633,in_range,in_range,False,Lina nage dans la mer.,2.00707903676593,1.25554090814974,in_range,0.24,,0.3690909090909089,keep_but_fix_administration,low_coverage_missing_drives_difficulty,5,2,2
French,4,f2111,0.425,0.57,0.28,0.794392523364486,0.826086956521739,0.736842105263158,0.535,0.69,0.38,0.465,0.628912298113566,in_range,in_range,False,Lina mange une glace.,2.42320831903131,0.224936450594094,in_range,0.2899999999999999,,0.2560869565217391,keep_but_fix_administration,low_coverage_missing_drives_difficulty,5,2,2
French,4,f21,0.38,0.59,0.17,0.826086956521739,0.86764705882353,0.708333333333333,0.46,0.68,0.24,0.54,0.560353110320562,in_range,in_range,False,TU AS QUEL AGE ? QUEL AGE AS-TU ?,1.88291752675131,0.405077265821698,in_range,0.41999999999999993,,0.27764705882353,keep_but_fix_administration,low_coverage_missing_drives_difficulty,5,2,2
French,5,f2101,0.0974358974358974,0.115789473684211,0.08,0.431818181818182,0.407407407407407,0.470588235294118,0.225641025641026,0.28421052631579,0.17,0.774358974358974,0.374305217554315,in_range,very_hard,False,COMMENT TU VIENS A L'ECOLE ?,1.0,3.32408867520257,very_hard,0.035789473684210996,hard_low_coverage,0.291617933723196,keep_but_fix_administration,low_coverage_missing_drives_difficulty,5,2,2
French,5,f2107,0.082051282051282,0.136842105263158,0.03,0.470588235294118,0.590909090909091,0.25,0.174358974358974,0.231578947368421,0.12,0.825641025641026,0.509674959554611,in_range,very_hard,False,Lina se réveille le matin.,1.0,3.59140975179574,very_hard,0.10684210526315799,hard_low_coverage,0.454066985645933,keep_but_fix_administration,low_coverage_missing_drives_difficulty,5,2,2
French,5,f2100,0.112820512820513,0.168421052631579,0.06,0.4,0.484848484848485,0.272727272727273,0.282051282051282,0.347368421052632,0.22,0.717948717948718,0.555683400555141,in_range,in_range,False,A QUELLE HEURE TU VIENS A L'ECOLE LE MATIN ?,1.0,3.08812681928462,very_hard,0.108421052631579,,0.3164274322169059,keep_but_fix_administration,low_coverage_missing_drives_difficulty,5,2,2
French,5,f2112,0.138461538461538,0.178947368421053,0.1,0.6,0.62962962962963,0.555555555555556,0.230769230769231,0.28421052631579,0.18,0.769230769230769,0.486980962581816,in_range,in_range,False,Lina dort dans son lit,1.0,2.74481022683118,very_hard,0.07894736842105299,,0.450682261208577,keep_but_fix_administration,low_coverage_missing_drives_difficulty,5,2,2
French,5,f2109,0.143589743589744,0.221052631578947,0.07,0.622222222222222,0.65625,0.538461538461538,0.230769230769231,0.336842105263158,0.13,0.769230769230769,0.613920910457167,in_range,in_range,False,Lina nage dans la mer.,1.0,2.68201393249094,very_hard,0.151052631578947,,0.435197368421053,keep_but_fix_administration,low_coverage_missing_drives_difficulty,5,2,2
French,5,f2102,0.2,0.242105263157895,0.16,0.722222222222222,0.676470588235294,0.8,0.276923076923077,0.357894736842105,0.2,0.723076923076923,0.581809575245572,in_range,in_range,False,QU'EST-CE QUE TU FAIS PENDANT LES VACANCES?,1.0,2.08020239120996,very_hard,0.08210526315789499,,0.434365325077399,keep_but_fix_administration,low_coverage_missing_drives_difficulty,5,2,2
French,5,f2108,0.205128205128205,0.242105263157895,0.17,0.555555555555556,0.511111111111111,0.62962962962963,0.369230769230769,0.473684210526316,0.27,0.630769230769231,0.616490260351162,in_range,in_range,False,Lina va à la plage avec sa famille.,1.0,2.03175276689602,very_hard,0.07210526315789498,,0.2690058479532159,keep_but_fix_administration,low_coverage_missing_drives_difficulty,5,2,2
French,5,f2129,0.205128205128205,0.242105263157895,0.17,0.470588235294118,0.46,0.485714285714286,0.435897435897436,0.526315789473684,0.35,0.564102564102564,0.63293244371149,in_range,in_range,False,"C'EST AMINE SUR LES IMAGES. ECRIS UNE PHRASE POUR DECRIRE L'IMAGE, COMME DANS L'",1.0,2.03175276689602,very_hard,0.07210526315789498,,0.217894736842105,keep_but_fix_administration,low_coverage_missing_drives_difficulty,5,2,2
French,5,f2110,0.235897435897436,0.326315789473684,0.15,0.779661016949153,0.837837837837838,0.681818181818182,0.302564102564103,0.389473684210526,0.22,0.697435897435897,0.616756224770625,in_range,in_range,False,Lina joue sur le sable.,1.0,1.75690190657594,in_range,0.176315789473684,,0.511522048364154,keep_but_fix_administration,low_coverage_missing_drives_difficulty,5,2,2
French,5,f2105,0.261538461538462,0.378947368421053,0.15,0.836065573770492,0.837209302325581,0.833333333333333,0.312820512820513,0.452631578947368,0.18,0.687179487179487,0.553317152366952,in_range,in_range,False,QUEL EST TON PLAT PREFERE?,1.0,1.54510710577257,in_range,0.22894736842105298,,0.458261933904528,keep_but_fix_administration,low_coverage_missing_drives_difficulty,5,2,2
French,5,f21,0.348717948717949,0.410526315789474,0.29,0.781609195402299,0.764705882352941,0.805555555555556,0.446153846153846,0.536842105263158,0.36,0.553846153846154,0.585095843152084,in_range,in_range,False,TU AS QUEL AGE ? QUEL AGE AS-TU ?,1.0,0.904539784045927,in_range,0.12052631578947404,,0.354179566563467,keep_but_fix_administration,low_coverage_missing_drives_difficulty,5,2,2
French,5,f23,0.405128205128205,0.463157894736842,0.35,0.759615384615385,0.862745098039216,0.660377358490566,0.533333333333333,0.536842105263158,0.53,0.466666666666667,0.585098941787814,in_range,in_range,False,C'EST QUEL JOUR AUJOURD'HUI ?,1.0,0.532072403402603,in_range,0.11315789473684201,,0.3995872033023739,keep_but_fix_administration,low_coverage_missing_drives_difficulty,5,2,2
French,5,f2111,0.42051282051282,0.494736842105263,0.35,0.836734693877551,0.87037037037037,0.795454545454545,0.502564102564103,0.568421052631579,0.44,0.497435897435897,0.688910113701508,in_range,in_range,False,Lina mange une glace.,1.0,0.434074651588803,in_range,0.144736842105263,,0.375633528265107,keep_but_fix_administration,low_coverage_missing_drives_difficulty,5,2,2
French,5,f2104,0.348717948717949,0.568421052631579,0.14,0.906666666666667,0.9,0.933333333333333,0.384615384615385,0.631578947368421,0.15,0.615384615384615,0.647759639010292,in_range,in_range,False,QUELLE EST TA MATIERE PREFEREE A L'ECOLE ?,1.0,0.904539784045926,in_range,0.42842105263157904,,0.331578947368421,keep_but_fix_administration,low_coverage_missing_drives_difficulty,5,2,2
French,6,f2107,0.117948717948718,0.147368421052632,0.09,0.389830508474576,0.4,0.375,0.302564102564103,0.368421052631579,0.24,0.697435897435897,0.502170765140699,in_range,in_range,False,Lina se réveille le matin.,3.03798229556232,1.4082373799091,in_range,0.05736842105263201,hard_low_coverage,0.252631578947368,keep_but_fix_administration,low_coverage_missing_drives_difficulty,5,2,2
French,6,f2100,0.235897435897436,0.242105263157895,0.23,0.621621621621622,0.638888888888889,0.605263157894737,0.37948717948718,0.378947368421053,0.38,0.62051282051282,0.523479955413823,in_range,in_range,False,A QUELLE HEURE TU VIENS A L'ECOLE LE MATIN ?,1.82020326554777,1.00546345692145,in_range,0.01210526315789498,,0.3967836257309939,keep_but_fix_administration,low_coverage_missing_drives_difficulty,5,2,2
French,6,f2101,0.215384615384615,0.273684210526316,0.16,0.583333333333333,0.68421052631579,0.470588235294118,0.369230769230769,0.4,0.34,0.630769230769231,0.464124404047139,in_range,in_range,False,COMMENT TU VIENS A L'ECOLE ?,1.52884101847696,1.19492376329722,in_range,0.11368421052631597,,0.410526315789474,keep_but_fix_administration,low_coverage_missing_drives_difficulty,5,2,2
French,6,f2110,0.241025641025641,0.294736842105263,0.19,0.573170731707317,0.636363636363636,0.5,0.42051282051282,0.463157894736842,0.38,0.579487179487179,0.581470483784037,in_range,in_range,False,Lina joue sur le sable.,2.33641628483238,0.897092666357948,in_range,0.10473684210526302,,0.341626794258373,keep_but_fix_administration,low_coverage_missing_drives_difficulty,5,2,2
French,6,f2112,0.215384615384615,0.305263157894737,0.13,0.575342465753425,0.659090909090909,0.448275862068966,0.374358974358974,0.463157894736842,0.29,0.625641025641026,0.557951953221615,in_range,in_range,False,Lina dort dans son lit,2.19072762613174,1.02743582269189,in_range,0.175263157894737,,0.3538277511961719,keep_but_fix_administration,low_coverage_missing_drives_difficulty,5,2,2
French,6,f2109,0.18974358974359,0.326315789473684,0.06,0.596774193548387,0.738095238095238,0.3,0.317948717948718,0.442105263157895,0.2,0.682051282051282,0.516022636282122,in_range,in_range,False,Lina nage dans la mer.,1.87043182259158,1.21633933692328,in_range,0.266315789473684,,0.411779448621554,keep_but_fix_administration,low_coverage_missing_drives_difficulty,5,2,2
French,6,f2108,0.307692307692308,0.357894736842105,0.26,0.625,0.641509433962264,0.604651162790698,0.492307692307692,0.557894736842105,0.43,0.507692307692308,0.701671446373718,in_range,in_range,False,Lina va à la plage avec sa famille.,3.40536911706879,0.580850332235756,in_range,0.09789473684210498,,0.283614697120159,keep_but_fix_administration,low_coverage_missing_drives_difficulty,5,2,2
French,6,f2102,0.338461538461538,0.410526315789474,0.27,0.758620689655172,0.795918367346939,0.710526315789474,0.446153846153846,0.515789473684211,0.38,0.553846153846154,0.582772298820996,in_range,in_range,False,QU'EST-CE QUE TU FAIS PENDANT LES VACANCES?,1.93813695450322,0.562613832757012,in_range,0.140526315789474,,0.385392051557465,keep_but_fix_administration,low_coverage_missing_drives_difficulty,5,2,2
French,6,f2111,0.553846153846154,0.6,0.51,0.805970149253731,0.814285714285714,0.796875,0.687179487179487,0.736842105263158,0.64,0.312820512820513,0.604098036770496,in_range,in_range,False,Lina mange une glace.,2.14113214587867,-0.188844120409914,in_range,0.08999999999999997,,0.2142857142857139,keep_but_fix_administration,low_coverage_missing_drives_difficulty,5,2,2
French,6,f2105,0.446153846153846,0.642105263157895,0.26,0.935483870967742,0.983870967741935,0.838709677419355,0.476923076923077,0.652631578947368,0.31,0.523076923076923,0.664852876830339,in_range,in_range,False,QUEL EST TON PLAT PREFERE?,2.4561163768919,0.15873887661186,in_range,0.38210526315789495,,0.3417657045840401,keep_but_fix_administration,low_coverage_missing_drives_difficulty,5,2,2
French,6,f2104,0.471794871794872,0.652631578947368,0.3,0.929292929292929,0.96875,0.857142857142857,0.507692307692308,0.673684210526316,0.35,0.492307692307692,0.577531289072004,in_range,in_range,False,QUELLE EST TA MATIERE PREFEREE A L'ECOLE ?,1.78050895955832,0.091486406106122,in_range,0.352631578947368,,0.316118421052632,keep_but_fix_administration,low_coverage_missing_drives_difficulty,5,2,2
French,6,f21,0.533333333333333,0.694736842105263,0.38,0.845528455284553,0.904109589041096,0.76,0.630769230769231,0.768421052631579,0.5,0.369230769230769,0.642792448022513,in_range,in_range,False,TU AS QUEL AGE ? QUEL AGE AS-TU ?,2.36863032929317,-0.118977739883363,in_range,0.314736842105263,,0.2093727469358329,keep_but_fix_administration,low_coverage_missing_drives_difficulty,5,2,2
French,6,f23,0.656410256410256,0.726315789473684,0.59,0.920863309352518,0.945205479452055,0.893939393939394,0.712820512820513,0.768421052631579,0.66,0.287179487179487,0.580983280295644,in_range,in_range,False,C'EST QUEL JOUR AUJOURD'HUI ?,2.2937502379614,-0.525675366669788,in_range,0.13631578947368406,,0.218889689978371,keep_but_fix_administration,low_coverage_missing_drives_difficulty,5,2,2
Maths,6,m69y3_nv3,0.118918918918919,0.1,0.136842105263158,0.145695364238411,0.113924050632911,0.180555555555556,0.816216216216216,0.877777777777778,0.757894736842105,0.183783783783784,0.530100670006684,very_hard,in_range,False,9/2-4/7=,1.0,2.85519355944029,very_hard,-0.03684210526315798,hard_high_coverage,0.0139240506329109,soften_slightly,borderline_too_hard_but_discriminating,7,3,3
Maths,6,m622y3_nv3,0.178378378378378,0.144444444444444,0.210526315789474,0.227586206896552,0.183098591549296,0.27027027027027,0.783783783783784,0.788888888888889,0.778947368421053,0.216216216216216,0.551931436251275,in_range,in_range,False,Calculate the area of the garden in m²,1.0,2.21885466876791,very_hard,-0.06608187134503002,hard_high_coverage,0.038654147104852,soften_slightly,borderline_too_hard_but_discriminating,7,3,3
