"item","irt_discrimination","irt_difficulty","subject","grade","irt_flag","item_label"
"a110y3_nv3",1,0.249023684538948,"Arabic",1,"in_range","Listen to the story, and answer the question: Who fell in the pit ?"
"a111y3_nv3",1,-0.290497981268812,"Arabic",1,"in_range","Listen to the story, and answer the question: How did the cat get out of the pit"
"a112y3_nv3",1,0.982267827530322,"Arabic",1,"in_range","Put the pictures in the right order. (Animals helping a cat)"
"a113y3_nv3",1,-3.81638070465932,"Arabic",1,"very_easy","Read the letters"
"a114y3_nv3",1,-4.05632341932276,"Arabic",1,"very_easy","Read the letters"
"a115y3_nv3",1,-4.47346974903401,"Arabic",1,"very_easy","Read the letters"
"a116y3_nv3",1,-2.50958742069487,"Arabic",1,"very_easy","Read the letters"
"a117y3_nv3",1,-4.6334019367293,"Arabic",1,"very_easy","Read the letters"
"a118y3_nv3",1,-4.47346974903401,"Arabic",1,"very_easy","Read the letters"
"a119y3_nv3",1,-4.47346974903401,"Arabic",1,"very_easy","Read the letters"
"a11y3_nv3",1,-2.24566830947271,"Arabic",1,"very_easy","Describe what you see in the picture: What is the boy holding ?"
"a120y3_nv3",1,-3.12566339356809,"Arabic",1,"very_easy","Read the letters"
"a121y3_nv3",1,-3.49675582807288,"Arabic",1,"very_easy","Read the letters"
"a122y3_nv3",1,-5.45890292137282,"Arabic",1,"very_easy","Read the letters"
"a123y3_nv3",1,-2.8781552644858,"Arabic",1,"very_easy","Read the letters"
"a124y3_nv3",1,-4.05632341932276,"Arabic",1,"very_easy","Read the letters"
"a125y3_nv3",1,-3.30452024558796,"Arabic",1,"very_easy","Read the words"
"a126y3_nv3",1,-2.72483819236187,"Arabic",1,"very_easy","Read the words"
"a127y3_nv3",1,-2.50958742069487,"Arabic",1,"very_easy","Read the words"
"a128y3_nv3",1,-1.72539851298419,"Arabic",1,"in_range","Read the words"
"a129y3_nv3",1,-1.46962516909694,"Arabic",1,"in_range","Read the words"
"a12y3_nv3",1,0.143480380278364,"Arabic",1,"in_range","Describe what you see in the picture: What is the boy doing ?"
"a130y3_nv3",1,-1.83366629699128,"Arabic",1,"in_range","Read the words"
"a131y3_nv3",1,-2.24566830947271,"Arabic",1,"very_easy","Read the words"
"a132y3_nv3",1,-2.06219861581046,"Arabic",1,"very_easy","Read the words"
"a133y3_nv3",1,-1.32503765177522,"Arabic",1,"in_range","Read the words"
"a134y3_nv3",1,-1.88923181208863,"Arabic",1,"in_range","Read the words"
"a135y3_nv3",1,-1.37256326314561,"Arabic",1,"in_range","Read the words"
"a136y3_nv3",1,-1.83366629699128,"Arabic",1,"in_range","Read the words"
"a137y3_nv3",1,-1.23186527804321,"Arabic",1,"in_range","Read the words"
"a138y3_nv3",1,-1.94581029572145,"Arabic",1,"in_range","Read the words"
"a139y3_nv3",1,-1.14103566564481,"Arabic",1,"in_range","Read the words"
"a13y3_nv3",1,-3.70507542974331,"Arabic",1,"very_easy","Describe what you see in the picture: Where is the boy going?"
"a140y3_nv3",1,-1.51921804755202,"Arabic",1,"in_range","Read the words"
"a141y3_nv3",1,-1.27814671370341,"Arabic",1,"in_range","Read the words"
"a142y3_nv3",1,-1.51921804755202,"Arabic",1,"in_range","Read the words"
"a143y3_nv3",1,-1.62067991018511,"Arabic",1,"in_range","Read the words"
"a144y3_nv3",1,-1.72539851298419,"Arabic",1,"in_range","Read the words"
"a14y3_nv3",1,-0.596515626953162,"Arabic",1,"in_range","Describe what you see in the picture: What is the girl celebrating ?"
"a15y3_nv3",1,-1.09644237397159,"Arabic",1,"in_range","Describe what you see in the picture: How old is the girl ?"
"a16y3_nv3",1,-3.21355910492431,"Arabic",1,"very_easy","Describe what you see in the picture: Who is the girl celebrating with ?"
"a17y3_nv3",1,-3.04059811324371,"Arabic",1,"very_easy","Listen to the story, and answer the question: Where does Safouane feel pain ?"
"a18y3_nv3",1,-2.30943776780012,"Arabic",1,"very_easy","Listen to the story, and answer the question: Why did Safouane's teeth get full"
"a19y3_nv3",1,-0.32785452154367,"Arabic",1,"in_range","Put the pictures in the right order. (A Boy visiting the dentist)"
"a245y3_nv3",1,-0.557282845478854,"Arabic",1,"in_range","Read the text"
"a246y3_nv3",1,-1.46962516909694,"Arabic",1,"in_range","write with the diacritical marks (vowel signs): he embarked"
"a247y3_nv3",1,0.0370110173837182,"Arabic",1,"in_range","write with the diacritical marks (vowel signs): a cup"
"a248y3_nv3",1,0.666764616311241,"Arabic",1,"in_range","write with the diacritical marks (vowel signs): Salim"
"a249y3_nv3",1,-0.106821087044638,"Arabic",1,"in_range","write with the diacritical marks (vowel signs): a flag"
"a250y3_nv3",1,-0.403276242155805,"Arabic",1,"in_range","write with the diacritical marks (vowel signs): a win"
"a251y3_nv3",1,-0.32785452154367,"Arabic",1,"in_range","Describe what you see on the pictures (A girl drinking milk)"
"a522y3_nv3",1,-0.290497981268812,"Arabic",1,"in_range","Describe what you see on the pictures (A boy painting)"
"a14y3_nv3",1,-2.4598751573949,"Arabic",2,"very_easy","Describe what you see in the picture: What is the girl celebrating ?"
"a15y3_nv3",1,-2.40710852692351,"Arabic",2,"very_easy","Describe what you see in the picture: How old is the girl ?"
"a16y3_nv3",1,-2.81397952734947,"Arabic",2,"very_easy","Describe what you see in the picture: Who is the girl celebrating with ?"
"a214_nv",1,-3.67032533114045,"Arabic",2,"very_easy","Read the letters"
"a215",1,-4.6976000581069,"Arabic",2,"very_easy","Read the letters"
"a217",1,-5.00566124547638,"Arabic",2,"very_easy","Read the letters"
"a218",1,-4.6976000581069,"Arabic",2,"very_easy","Read the letters"
"a219_nv",1,-3.02373035147347,"Arabic",2,"very_easy","Read the letters"
"a236_nv",1,-1.38571671151937,"Arabic",2,"in_range","Producing narrative sentences and connecting them based on comments on pictures."
"a237_nv",1,-0.649773980517635,"Arabic",2,"in_range","Producing narrative sentences and connecting them based on comments on pictures."
"a238",1,-0.621393008425517,"Arabic",2,"in_range","Producing narrative sentences based on comments on pictures. (Salma chose a yell"
"a239",1,-0.425739362450484,"Arabic",2,"in_range","Producing narrative sentences based on comments on pictures. (In the end, Salma'"
"a251",1,0.608607491789198,"Arabic",2,"in_range","Reading comprehension text .Put a mark (X) in front of the correct answer that e"
"a252_nv3",1,0.19795672694031,"Arabic",2,"in_range","Reading comprehension text. Put a mark (X) in front of the statement that explai"
"a253",1,-0.649773980517636,"Arabic",2,"in_range","Reading comprehension text .Put a mark (X) under the diagram (which picture illu"
"a254_nv3",1,-1.06333755914333,"Arabic",2,"in_range","Reading comprehension text .Put a mark (x) in front of the correct statement (Ho"
"a255",1,0.749671670293541,"Arabic",2,"in_range","Reading comprehension text .Put a mark (x) in front of the correct statement (Wh"
"a256",1,0.415232913752211,"Arabic",2,"in_range","Reading comprehension text .Put a mark (x) in front of the correct statement (Th"
"a257",1,0.864881643889894,"Arabic",2,"in_range","Reading comprehension text .Put a mark(x) in front of the correct statement (Why"
"a258_nv",1,1.10361270894939,"Arabic",2,"in_range","Arrange the events (images) from 1 to 4 according to their sequence in the story"
"a261_nv",1,0.749671670293542,"Arabic",2,"in_range","Composing simple sentences based on untidy words: Where do you practice your fav"
"a262_nv3",1,-0.398153430512538,"Arabic",2,"in_range","Bridging the events of the story, based on sequential images. (Salma went to the"
"a263_nv3",1,0.117020089016336,"Arabic",2,"in_range","Bridging the events of the story, based on sequential images. (when they arrived"
"a264_nv3",1,0.333414105526532,"Arabic",2,"in_range","Bridging the events of the story, based on sequential images. (and they had icec"
"a265_nv3",1,0.552934911070669,"Arabic",2,"in_range","Bridging the events of the story, based on sequential images. (by sunset, Salma"
"a321y3_nv3",1,-2.20939705502648,"Arabic",2,"very_easy","write this word (dictation word) with the diacritical marks (vowel signs) (he em"
"a322y3_nv3",1,-0.509001331578501,"Arabic",2,"in_range","write this word (dictation word) with the diacritical marks (vowel signs) (Salim"
"a323y3_nv3",1,-1.28587407294645,"Arabic",2,"in_range","write this word (dictation word) with the diacritical marks (vowel signs) (a win"
"a324y3_nv3",1,0.0631272537888931,"Arabic",2,"in_range","Composing simple sentences based on untidy words: The birds fly above the tree"
"a330y3_nv3",1,1.35743254602046,"Arabic",2,"in_range","Use of logical connectors"
"a331y3_nv3",1,-0.12564957286733,"Arabic",2,"in_range","Clarity of the handwriting"
"a332y3_nv3",1,0.952963470681412,"Arabic",2,"in_range","Use of keywords"
"a2100",1.6009145603383,0.798014678619533,"Arabic",3,"in_range","Complete the story: Imagine the rest of the story based on this beginning (Do no"
"a2101",2.42015623460821,0.147406958885183,"Arabic",3,"in_range","Complete the story: readable writing"
"a2102",2.33777841926235,0.871454908840789,"Arabic",3,"in_range","Complete the story: writing at least 4 lines"
"a214_nv",1.5352588760985,-3.09966646283413,"Arabic",3,"very_easy","Read the letters"
"a215",4.05487776338805,-2.6630001882598,"Arabic",3,"very_easy","Read the letters"
"a217",0.8842325274382,-4.57035006024324,"Arabic",3,"very_easy","Read the letters"
"a218",2.0346654498268,-2.58015424441323,"Arabic",3,"very_easy","Read the letters"
"a219_nv",1.89688709677013,-2.23517380836115,"Arabic",3,"very_easy","Read the letters"
"a236_nv",1.34516295278419,-1.45018966760775,"Arabic",3,"in_range","Producing narrative sentences and connecting them based on comments on pictures."
"a237_nv",2.86125273547292,-0.959858439627081,"Arabic",3,"in_range","Producing narrative sentences and connecting them based on comments on pictures."
"a261_nv",2.39499846338706,0.17867967773056,"Arabic",3,"in_range","Composing simple sentences based on untidy words: Where do you practice your fav"
"a269",1.67116191044475,-0.555161761095416,"Arabic",3,"in_range","Producing narrative sentences based on a sequence of photos. (hunter vs. ant and"
"a270",1.79568427692259,-0.404744562891632,"Arabic",3,"in_range","Linguistic consistency: Producing narrative sentences based on a sequence of pho"
"a271",1.76014790239836,-0.719042827938157,"Arabic",3,"in_range","Using key words: friendship, help, ants, rain (using at least 4 key words)"
"a282",0.586053954852213,-0.936373268058278,"Arabic",3,"in_range","Reading comprehension text .Put (x) in front of the correct statement (How did t"
"a287",1.44475532857032,0.266495056195302,"Arabic",3,"in_range","Reading comprehension text .Put a tick next to the correct answer that explains"
"a288_nv3",0.994504944733557,-0.087334516012458,"Arabic",3,"in_range","Reading comprehension text Mark (X) in front of the statement that explains why"
"a289",1.04913760845407,-0.978731089238188,"Arabic",3,"in_range","Reading comprehension text .Put a mark under the diagram. What is the picture th"
"a290",1.21772773152603,-0.200602427921545,"Arabic",3,"in_range","Reading comprehension text Mark (X) in front of the correct statement : The arts"
"a291",0.976775530308185,0.985067435675667,"Arabic",3,"in_range","Reading comprehension text Mark (X) in front of the general idea of the text (th"
"a294",2.69408383595833,0.38728260892575,"Arabic",3,"in_range","Composing simple sentences based on untidy words: (Wait for your turn on the lin"
"a297",2.0596146292489,-0.0768884664238634,"Arabic",3,"in_range","Complete the story: Imagine the rest of the story based on this beginning (Talk"
"a298",2.77872181998663,0.189260427279971,"Arabic",3,"in_range","Complete the story: Imagine the rest of the story based on this beginning (Talk"
"a299",2.85252851990265,0.218121582730139,"Arabic",3,"in_range","Complete the story: Imagine the rest of the story based on this beginning (Talk"
"a324y3_nv3",2.65367828445472,0.160519087084815,"Arabic",3,"in_range","Composing simple sentences based on untidy words: The birds fly above the tree"
"a412y3_nv3",0.433736902564314,2.70260403178953,"Arabic",3,"very_hard","Reading comprehension text .Put (x) in front of the correct statement (What's th"
"a413y3_nv3",1.22976876912282,0.182221876469836,"Arabic",3,"in_range","Reading comprehension text .Put (x) in front of the correct statement (Why did S"
"a414y3_nv3",1.58159885697395,0.424897621818009,"Arabic",3,"in_range","Reading comprehension text .Put the events in the right order. (3-4-2-1)"
"a415y3_nv3",1.77768997274791,0.386544632985901,"Arabic",3,"in_range","Reading comprehension text . (Why does the sea feel sad and angry ?)"
"a421y3_nv3",1.57263274486199,0.561123573079129,"Arabic",3,"in_range","Composing simple sentences based on untidy words: Nature became beautiful after"
"a422y3_nv3",1.54787168351757,1.2591029027286,"Arabic",3,"in_range","Composing simple sentences based on untidy words: (The kids always practice spor"
"a2103",2.73618404809446,-0.372036314779371,"Arabic",4,"in_range","Speaking for 2 min about Eid Al Adha and its traditions"
"a2104",2.61380347781102,-0.0647299820249584,"Arabic",4,"in_range","Linguistic accuracy : Using clear and accurate arabic language: Eid Al Adha"
"a2105",1.74394095487106,0.15149268220087,"Arabic",4,"in_range","Cohesion: Consistent and accurate ideas: Eid Al Adha"
"a2106",1.65211958971752,0.506911763949208,"Arabic",4,"in_range","Fluency: Speaking fluently: Eid Al Adha"
"a2108",3.56736198953957,-0.631106946401924,"Arabic",4,"in_range","Discussing a subject, persuading, and expressing a perspective. (Talk between a"
"a2109",2.44370366377883,-0.223570551731568,"Arabic",4,"in_range","Linguistic accuracy : Using clear and accurate arabic language: hunter vs. ant a"
"a2110",2.32752817189348,-0.163058838470141,"Arabic",4,"in_range","Cohesion: Consistent and accurate ideas: hunter vs. ant and pigeon"
"a2111",2.05446242182031,0.0772121659638925,"Arabic",4,"in_range","Fluency: Speaking fluently: hunter vs. ant and pigeon"
"a2119",1.03936758605718,0.60684859528114,"Arabic",4,"in_range","Reading comprehension: Explain the reasons behind the behaviour described (clap)"
"a2122",1.04381159545189,-0.0171979364574359,"Arabic",4,"in_range","Put a mark (x) in front the correct answer: who built Badi palace?"
"a2123",1.7152412554584,0.652042385412882,"Arabic",4,"in_range","From where did the Koutoubia Mosque get its name"
"a2125",1.20228192890426,0.785823124087978,"Arabic",4,"in_range","Put a mark (x) in front the correct answer: why was Marrakesh described as a res"
"a2126",1.32485734834193,1.28903732882555,"Arabic",4,"in_range","Explain how water in supplied to the gardens of Al-Manazih"
"a2127_nv3",1.58306273189631,0.575996004060383,"Arabic",4,"in_range","Complete the identification card of the city of Marrakesh: location"
"a2128",1.0951472086361,0.538651852947116,"Arabic",4,"in_range","Put a mark (x) in front the correct answer: what value do you infer from the tex"
"a2130_nv",1.93421229114673,0.812992737290322,"Arabic",4,"in_range","Writing an argumentative text about usage of internet : Write 2 Benefits of inte"
"a2131",2.36532549974927,1.2188723811104,"Arabic",4,"in_range","Writing an argumentative text about usage of internet : Presenting at least 3 ar"
"a2132_nv",2.13087388449827,1.05103812260035,"Arabic",4,"in_range","Write a text about internet use: no more than 9 errors"
"a2133",1.50573732273252,0.865788087605459,"Arabic",4,"in_range","Write a text about internet use: clear handwriting with no more than 4 scribblin"
"a2134",1.59377643525924,1.16602198969307,"Arabic",4,"in_range","Write a text about internet use: write at least 3 lines (30 words)"
"a2263_nv3",1.66600849490081,0.720844720986365,"Arabic",4,"in_range","Complete the identification card of the city of Marrakesh: founder"
"a2273_nv3",1.36762871390438,0.369843956157132,"Arabic",4,"in_range","Complete the identification card of the city of Marrakesh: year of foundation"
"a269",2.18777007381726,-0.964389643380776,"Arabic",4,"in_range","Producing narrative sentences based on a sequence of photos. (hunter vs. ant and"
"a294",1.73589619497336,0.421910050311672,"Arabic",4,"in_range","Composing simple sentences based on untidy words: (Wait for your turn on the lin"
"a412y3_nv3",1.33112805449224,0.629781991178479,"Arabic",4,"in_range","Reading comprehension text .Put (x) in front of the correct statement (What's th"
"a413y3_nv3",0.631459123107449,-1.29744296109914,"Arabic",4,"in_range","Reading comprehension text .Put (x) in front of the correct statement (Why did S"
"a414y3_nv3",1.08412089552407,-0.0392852336259102,"Arabic",4,"in_range","Reading comprehension text .Put the events in the right order. (3-4-2-1)"
"a415y3_nv3",1.52445846565703,0.00925689700955896,"Arabic",4,"in_range","Reading comprehension text . (Why does the sea feel sad and angry ?)"
"a422y3_nv3",1.53934423451671,1.4649773483548,"Arabic",4,"in_range","Composing simple sentences based on untidy words: (The kids always practice spor"
"a515y3_nv3",1.52174631513564,0.350600664749252,"Arabic",4,"in_range","Reading comprehension: put the evens in the right order. (4-1-2-3)"
"a516y3_nv3",0.620024953919281,1.87326406491207,"Arabic",4,"in_range","Reading comprehension: What's the proof that Nouhaila and Badr's father is proud"
"a519y3_nv3",1.74290888244245,0.608808329571797,"Arabic",4,"in_range","Extract from the text 3 historical monuments"
"a526y3_nv3",0.985979653305994,2.02441819022972,"Arabic",4,"very_hard","What's the historical monument that's the most visited in Marrakesh ?"
"a2122",1.00112153273346,-0.686819295702175,"Arabic",5,"in_range","Put a mark (x) in front the correct answer: who built Badi palace?"
"a2123",1.52099233193275,-0.415038024063469,"Arabic",5,"in_range","From where did the Koutoubia Mosque get its name"
"a2130_nv",2.54959404903358,0.257082909512932,"Arabic",5,"in_range","Writing an argumentative text about usage of internet : Write 2 Benefits of inte"
"a2137",3.07832855589747,-2.10119522528949,"Arabic",5,"very_easy","Take the floor and speak freely about the end of the year party: mention the act"
"a2138",1.3801788596502,-1.78910809848977,"Arabic",5,"in_range","Take the floor and speak freely about the end of the year party: at leat one rea"
"a2139",1.30168487123219,-0.0126014366292014,"Arabic",5,"in_range","Take the floor and speak freely about the end of the year party: mention at leas"
"a2140",1.68798397486714,0.26868954480859,"Arabic",5,"in_range","Take the floor and speak freely about the end of the year party: Speaking with f"
"a2141",1.98053926805797,-0.464544782943519,"Arabic",5,"in_range","Take the floor and speak freely about the end of the year party: Do not commit m"
"a2142_nv",1.77085321107893,-1.43460246541182,"Arabic",5,"in_range","Take the floor and speak freely about convincing a friend to not leave school :"
"a2143_nv",1.18691866186175,-0.56035065187709,"Arabic",5,"in_range","Take the floor and speak freely about convincing a friend to not leave school :a"
"a2144_nv",1.51412182847486,-0.646882244170407,"Arabic",5,"in_range","Take the floor and speak freely about convincing a friend to not leave school :"
"a2145_nv",1.39452095424781,0.0901826687279262,"Arabic",5,"in_range","Take the floor and speak freely about convincing a friend to not leave school :F"
"a2146",2.1498458570481,-0.137008083626345,"Arabic",5,"in_range","Take the floor and speak freely about convincing a friend to not leave school :a"
"a2147_nv",1.96531497631935,-0.302968558630483,"Arabic",5,"in_range","Take the floor and speak freely about convincing a friend to not leave school :a"
"a2151_nv3",0.827370181646016,-0.46511982153356,"Arabic",5,"in_range","Put a mark (x) in front the correct answer:who tells the story of earth? Choices"
"a2152",1.72983351585262,-4.82123391918901e-05,"Arabic",5,"in_range","Fill in the table with information from the text. Session of the year mentioned"
"a2153",1.64482863553798,0.088802083046893,"Arabic",5,"in_range","Write down the tools the farmer uses in his field mentioned in the text"
"a2154",1.31787706690801,-0.61206103037303,"Arabic",5,"in_range","Why did the mother refuse that her sons leave school before the summer break ?"
"a2155",1.82240169228653,0.0887879903346266,"Arabic",5,"in_range","What do you think about the father's behavior? Justify your answer"
"a2159",0.94100015760142,0.710039282997556,"Arabic",5,"in_range","What are the arts the text talks about?"
"a2160",1.75516813580098,-0.0702673803246148,"Arabic",5,"in_range","Understanding informational texts: Why is theater called the father of the arts?"
"a2161",1.68834348817025,0.160555277993398,"Arabic",5,"in_range","Understanding informational texts: How does theater contribute to the education"
"a2162_nv",1.35071485076333,0.233153546231408,"Arabic",5,"in_range","Understanding informational texts: ite what each of the images attached to the t"
"a2163",2.36472586955691,0.63149156441229,"Arabic",5,"in_range","Understanding informational texts: Extract from the text what indicates that cin"
"a2164_nv",0.952196675225828,3.86492808550302,"Arabic",5,"very_hard","Understanding informational texts: Put an X in front of all the similarities. 6"
"a2165_nv2",0.74797227001272,0.647710739708142,"Arabic",5,"in_range","link each paragraph to the main idea"
"a2166",1.95448378026093,0.155973787002824,"Arabic",5,"in_range","Theater or cinema: do you prefer theater or cinema? Justify your answer"
"a2171",2.1766799177828,0.91511089622545,"Arabic",5,"in_range","Write a text about internet use: write at least 5 lines (50 words)"
"a519y3_nv3",1.94086399344206,0.290873040304634,"Arabic",5,"in_range","Extract from the text 3 historical monuments"
"a629y3_nv3",3.15151405112697,0.390696031934319,"Arabic",5,"in_range","Writing an argumentative text about usage of internet : Presenting at least 2 ar"
"a630y3_nv3",3.83250794279581,0.603614589777508,"Arabic",5,"in_range","Write a text about internet use: no more than 8 errors"
"a631y3_nv3",2.48011730645772,0.396613818684449,"Arabic",5,"in_range","Write a text about internet use: clear handwriting"
"a2130_nv",3.32426876045828,0.522877191195933,"Arabic",6,"in_range","Writing an argumentative text about usage of internet : Write 2 Benefits of inte"
"a2142_nv",1.77049233153045,-0.992531678734499,"Arabic",6,"in_range","Take the floor and speak freely about convincing a friend to not leave school :"
"a2143_nv",1.12155357863753,-0.106192060317843,"Arabic",6,"in_range","Take the floor and speak freely about convincing a friend to not leave school :a"
"a2144_nv",0.958384385358353,-0.384161892462046,"Arabic",6,"in_range","Take the floor and speak freely about convincing a friend to not leave school :"
"a2145_nv",1.5736334793315,0.303970019405111,"Arabic",6,"in_range","Take the floor and speak freely about convincing a friend to not leave school :F"
"a2146",1.91804142005242,0.0661418265525656,"Arabic",6,"in_range","Take the floor and speak freely about convincing a friend to not leave school :a"
"a2147_nv",1.34729790149817,-0.148552794954702,"Arabic",6,"in_range","Take the floor and speak freely about convincing a friend to not leave school :a"
"a2160",0.52636318770973,-3.83490964078428,"Arabic",6,"very_easy","Understanding informational texts: Why is theater called the father of the arts?"
"a2161",1.26549625357965,-0.921286021881804,"Arabic",6,"in_range","Understanding informational texts: How does theater contribute to the education"
"a2162_nv",0.791786859568443,-1.92363712288162,"Arabic",6,"in_range","Understanding informational texts: ite what each of the images attached to the t"
"a2164_nv",0.327618570110497,-0.222653739907923,"Arabic",6,"in_range","Understanding informational texts: Put an X in front of all the similarities. 6"
"a610y3_nv3",1.45584591704835,-0.0592246490964705,"Arabic",6,"in_range","Take the floor and speak freely about convincing a friend about dangers of elect"
"a611y3_nv3",1.2406618273225,-0.0519787285385797,"Arabic",6,"in_range","Take the floor and speak freely about convincing a friend about dangers of elect"
"a619y3_nv3",0.841335724537154,-0.283954692098716,"Arabic",6,"in_range","write the main idea of the last paragraph"
"a620y3_nv3",1.21856654672387,0.606672877124096,"Arabic",6,"in_range","Understanding literary texts: why does said insist on aswering"
"a621y3_nv3",1.19683640033406,0.543946981117854,"Arabic",6,"in_range","Understanding literary texts: extract from the text what indicate said loves dyn"
"a622y3_nv3",1.60522222387891,-0.376823665609233,"Arabic",6,"in_range","Understanding literary texts: how did said obtain the dynausor skeleton picture"
"a623y3_nv3",1.26516218516742,0.055812117779873,"Arabic",6,"in_range","Understanding literary texts: for the text what indicate that dynausors lived on"
"a624y3_nv3",1.97599045363331,-0.0172787499405803,"Arabic",6,"in_range","Understanding literary texts: from your pov what do you need to do to suceed in"
"a625y3_nv3",1.12445129186132,-1.74105338532346,"Arabic",6,"in_range","Understanding informational texts: where does Corona appeared the first time"
"a626y3_nv3",1.77062758714147,0.293081835353273,"Arabic",6,"in_range","Understanding informational texts: from the text what measure where put in place"
"a627y3_nv3",1.06646291854701,-0.279896937241458,"Arabic",6,"in_range","Understanding informational texts: what the writer mean by circle correct answer"
"a628y3_nv3",1.49162317590842,0.193808766085677,"Arabic",6,"in_range","Understanding informational texts: extract from the text what indicate that coro"
"a629y3_nv3",3.05532105711996,0.79900916420408,"Arabic",6,"in_range","Writing an argumentative text about usage of internet : Presenting at least 2 ar"
"a629y3_nv3_el",1.42643204285642,1.76557121478512,"Arabic",6,"in_range","Understanding informational texts: from the text how corona spread quickly"
"a630y3_nv3",4.41040498127911,0.841111587530829,"Arabic",6,"in_range","Write a text about internet use: no more than 8 errors"
"a630y3_nv3_el",2.34943729299953,0.751366850971753,"Arabic",6,"in_range","Understanding informational texts: from the text why the children are more affec"
"a631y3_nv3",4.04609152438441,0.578307292434557,"Arabic",6,"in_range","Write a text about internet use: clear handwriting"
"a631y3_nv3_el",2.77137850953824,0.541195056866288,"Arabic",6,"in_range","Understanding informational texts: whats the main idea of the first paragraph"
"a632y3_nv3_el",2.6388501855237,0.709230905436712,"Arabic",6,"in_range","Understanding informational texts: imagine a family member got corona use the te"
"a634y3_nv3",3.78291171507148,0.471335021723914,"Arabic",6,"in_range","Writing an argumentative text about usage of internet : Write 2 dangers of inter"
"a638y3_nv3",3.31559792485815,1.10086610539734,"Arabic",6,"in_range","Write a text about internet use: write at least 6 lines (60 words)"
"a67y3_nv3",1.23589413336238,-1.12615707298504,"Arabic",6,"in_range","Take the floor and speak freely about convincing a friend about dangers of elect"
"a68y3_nv3",1.18438765463969,-1.18686505447499,"Arabic",6,"in_range","Take the floor and speak freely about convincing a friend about dangers of elect"
"a69y3_nv3",1.33900097827218,0.0156955277046723,"Arabic",6,"in_range","Take the floor and speak freely about convincing a friend about dangers of elect"
"f21",1,1.38710206076416,"French",1,"in_range","TU AS QUEL AGE ? QUEL AGE AS-TU ?"
"f210",1,-1.43506315154398,"French",1,"in_range","JE VAIS DIRE UN MOT ET TU DOIS ME MONTRER L'IMAGE CORRESPONDANTE: Une pomme"
"f211",1,-1.47056556893282,"French",1,"in_range","JE VAIS DIRE UN MOT ET TU DOIS ME MONTRER L'IMAGE CORRESPONDANTE: La fenêtre"
"f212",1,-1.3304459904529,"French",1,"in_range","JE VAIS DIRE UN MOT ET TU DOIS ME MONTRER L'IMAGE CORRESPONDANTE: Un cahier"
"f213",1,-1.3304459904529,"French",1,"in_range","JE VAIS DIRE UN MOT ET TU DOIS ME MONTRER L'IMAGE CORRESPONDANTE: Un Pantalon"
"f214",1,-0.0828976892545714,"French",1,"in_range","JE VAIS DIRE UN PHRASE ET TU DOIS ME MONTRER L'IMAGE CORRESPONDANTE:  Amine mang"
"f215",1,0.0661048923546988,"French",1,"in_range","JE VAIS DIRE UN PHRASE ET TU DOIS ME MONTRER L'IMAGE CORRESPONDANTE: Amine saute"
"f216",1,-0.411274163593541,"French",1,"in_range","JE VAIS DIRE UN PHRASE ET TU DOIS ME MONTRER L'IMAGE CORRESPONDANTE: Amine se la"
"f217",1,-0.501658270627046,"French",1,"in_range","LIS LES LETTRES SUIVANTES A VOIX HAUTE: L"
"f218",1,-3.31862209833302,"French",1,"very_easy","LIS LES LETTRES SUIVANTES A VOIX HAUTE:A"
"f219",1,-0.0828976892545709,"French",1,"in_range","LIS LES LETTRES SUIVANTES A VOIX HAUTE:R"
"f22",1,2.04233857129797,"French",1,"very_hard","TU ES EN QUELLE CLASSE ?"
"f220",1,1.17207526293687,"French",1,"in_range","LIS LES LETTRES SUIVANTES A VOIX HAUTE: J"
"f221",1,-0.684474951455131,"French",1,"in_range","LIS LES LETTRES SUIVANTES A VOIX HAUTE:E"
"f222",1,-0.871116801738299,"French",1,"in_range","LIS LES LETTRES SUIVANTES A VOIX HAUTE: F"
"f223",1,-1.19486718785973,"French",1,"in_range","LIS LES LETTRES SUIVANTES A VOIX HAUTE: D"
"f224",1,-1.0957040208549,"French",1,"in_range","LIS LES LETTRES SUIVANTES A VOIX HAUTE: N"
"f225",1,-1.61614070500086,"French",1,"in_range","LIS LES LETTRES SUIVANTES A VOIX HAUTE:B"
"f226",1,0.00645145980589291,"French",1,"in_range","LIS LES LETTRES SUIVANTES A VOIX HAUTE: V"
"f227",1,-2.42811748299777,"French",1,"very_easy","LIS LES LETTRES SUIVANTES A VOIX HAUTE:O"
"f228",1,-0.80839085413974,"French",1,"in_range","LIS LES LETTRES SUIVANTES A VOIX HAUTE: C"
"f229",1,1.00125610181112,"French",1,"in_range","LIS LES MOTS SUIVANTS A VOIX HAUTE:bali"
"f23",1,3.41870962639563,"French",1,"very_hard","C'EST QUEL JOUR AUJOURD'HUI ?"
"f230",1,0.67647463000729,"French",1,"in_range","LIS LES MOTS SUIVANTS A VOIX HAUTE: banane"
"f231",1,0.125876603637276,"French",1,"in_range","LIS LES MOTS SUIVANTS A VOIX HAUTE:ami"
"f232_nv",1,1.46171557428761,"French",1,"in_range","LIS LES MOTS SUIVANTS A VOIX HAUTE:limonade"
"f233_nv",1,1.38710206076416,"French",1,"in_range","LIS LES MOTS SUIVANTS A VOIX HAUTE:dune"
"f234",1,0.458667885743508,"French",1,"in_range","LIS LES MOTS SUIVANTS A VOIX HAUTE:tomate"
"f235_nv",1,1.24240750269598,"French",1,"in_range","LIS LES MOTS SUIVANTS A VOIX HAUTE:pire"
"f236",1,0.458667885743509,"French",1,"in_range","LIS LES MOTS SUIVANTS A VOIX HAUTE: lama"
"f237",1,0.644962924989748,"French",1,"in_range","LIS LES MOTS SUIVANTS A VOIX HAUTE:Sofa"
"f238_nv3",1,1.10293776554328,"French",1,"in_range","LIS LES MOTS SUIVANTS A VOIX HAUTE:Dire"
"f239",1,1.17207526293687,"French",1,"in_range","LIS LES LMOTS SUIVANTS A VOIX HAUTE: vélo"
"f24",1,1.61620767444014,"French",1,"in_range","METS LE DOIGT SUR CHAQUE IMAGE ET DIS-MOI CE QUE C'EST EN FRANÇAIS :Chien"
"f240",1,1.00125610181112,"French",1,"in_range","LIS LES MOTS SUIVANTS A VOIX HAUTE: sale"
"f241",1,0.185808752812813,"French",1,"in_range","LIS LES MOTS SUIVANTS A VOIX HAUTE: moto"
"f242",1,2.5568095817084,"French",1,"very_hard","LIS LES MOTS SUIVANTS A VOIX HAUTE:fuji"
"f243",1,1.53802987042641,"French",1,"in_range","LIS LES MOTS SUIVANTS A VOIX HAUTE:zoro"
"f244",1,1.99655352406882,"French",1,"in_range","LIS LES LMOTS SUIVANTS A VOIX HAUTE: caméra"
"f245",1,0.367002932841757,"French",1,"in_range","RELIE CHAQUE MOT A L'IMAGE CORRESPONDANTE: vache"
"f246",1,0.0362660000221583,"French",1,"in_range","RELIE CHAQUE MOT A L'IMAGE CORRESPONDANTE:tapis"
"f247",1,0.613595095145733,"French",1,"in_range","RELIE CHAQUE MOT A L'IMAGE CORRESPONDANTE: poule"
"f248",1,-0.65377679518669,"French",1,"in_range","COPIE CHAQUE MOT UNE SEULE FOIS: La banane"
"f249",1,-1.76830418132345,"French",1,"in_range","COPIE CHAQUE MOT UNE SEULE FOIS: Je parle"
"f25",1,0.215848383342355,"French",1,"in_range","METS LE DOIGT SUR CHAQUE IMAGE ET DIS-MOI CE QUE C'EST EN FRANÇAIS :Cheval"
"f26",1,-0.99839480746878,"French",1,"in_range","METS LE DOIGT SUR CHAQUE IMAGE ET DIS-MOI CE QUE C'EST EN FRANÇAIS :Gomme"
"f27",1,0.489420969545393,"French",1,"in_range","METS LE DOIGT SUR CHAQUE IMAGE ET DIS-MOI CE QUE C'EST EN FRANÇAIS : Lit"
"f28",1,0.306327288611822,"French",1,"in_range","METS LE DOIGT SUR CHAQUE IMAGE ET DIS-MOI CE QUE C'EST EN FRANÇAIS : Maison"
"f29",1,0.86899765233727,"French",1,"in_range","METS LE DOIGT SUR CHAQUE IMAGE ET DIS-MOI CE QUE C'EST EN FRANÇAIS :Voiture/auto"
"f21",1.28926883152574,2.18161925543308,"French",2,"very_hard","TU AS QUEL AGE ? QUEL AGE AS-TU ?"
"f211",0.934055421655066,-0.993513126044417,"French",2,"in_range","JE VAIS DIRE UN MOT ET TU DOIS ME MONTRER L'IMAGE CORRESPONDANTE: La fenêtre"
"f22_nv",0.805216350610183,2.45587172336326,"French",2,"very_hard","QU'EST-CE QUE TU FAIS EN CLASSE?"
"f23",0.753446103678888,2.32379129545467,"French",2,"very_hard","C'EST QUEL JOUR AUJOURD'HUI ?"
"f232_nv",2.37316680329919,0.423598696523938,"French",2,"in_range","LIS LES MOTS SUIVANTS A VOIX HAUTE:limonade"
"f233_nv",2.15093388013783,0.370591495043196,"French",2,"in_range","LIS LES MOTS SUIVANTS A VOIX HAUTE:dune"
"f235_nv",2.23829681760791,0.414879769262687,"French",2,"in_range","LIS LES MOTS SUIVANTS A VOIX HAUTE:pire"
"f245",1.18450510009713,-0.621408380636078,"French",2,"in_range","RELIE CHAQUE MOT A L'IMAGE CORRESPONDANTE: vache"
"f246",2.02494220848236,-0.282276243632024,"French",2,"in_range","RELIE CHAQUE MOT A L'IMAGE CORRESPONDANTE:tapis"
"f247",1.63459291076128,-0.224970421411001,"French",2,"in_range","RELIE CHAQUE MOT A L'IMAGE CORRESPONDANTE: poule"
"f253",0.918106908994096,-0.31459154580075,"French",2,"in_range","JE VAIS DIRE UN MOT ET TU DOIS ME MONTRER L'IMAGE CORRESPONDANTE: Une chaise"
"f255",1.04758264358997,-0.968575995633004,"French",2,"in_range","JE VAIS DIRE UN MOT ET TU DOIS ME MONTRER L'IMAGE CORRESPONDANTE: Une fleur"
"f256",0.465926563181241,-0.064822541104788,"French",2,"in_range","JE VAIS DIRE UNE PHRASE ET TU DOIS ME MONTRER L'IMAGE CORRESPONDANTE: Amine dort"
"f257",0.580610378569928,-0.616804073214625,"French",2,"in_range","JE VAIS DIRE UNE PHRASE ET TU DOIS ME MONTRER L'IMAGE CORRESPONDANTE: Amine dess"
"f258",0.513576149044968,-0.350407461462841,"French",2,"in_range","JE VAIS DIRE UNE PHRASE ET TU DOIS ME MONTRER L'IMAGE CORRESPONDANTE: Amine boit"
"f259",1.26790623305693,0.823525470175012,"French",2,"in_range","C'EST AMINE SUR L'IMAGE. JE VAIS TE POSER DES QUESTIONS. REPONDS-MOI AVEC UNE PH"
"f260",0.766140139164267,2.10077605251044,"French",2,"very_hard","C'EST AMINE SUR L'IMAGE. JE VAIS TE POSER DES QUESTIONS. REPONDS-MOI AVEC UNE PH"
"f261",1.42300817920934,0.815856337229338,"French",2,"in_range","C'EST Lina SUR L'IMAGE. JE VAIS TE POSER DES QUESTIONS. REPONDS-MOI AVEC UNE PHR"
"f262",2.05294384980373,1.81440087389756,"French",2,"in_range","C'EST Lina SUR L'IMAGE. JE VAIS TE POSER DES QUESTIONS. REPONDS-MOI AVEC UNE PHR"
"f263",1.33723262287223,2.23637645534289,"French",2,"very_hard","C'EST Lina SUR L'IMAGE. JE VAIS TE POSER DES QUESTIONS. REPONDS-MOI AVEC UNE PHR"
"f264",2.20257302301556,-0.221878763989955,"French",2,"in_range","LIS LES MOTS SUIVANTS A VOIX HAUTE :karima"
"f265",2.024352163704,0.808833782122421,"French",2,"in_range","LIS LES MOTS SUIVANTS A VOIX HAUTE :régal"
"f266",2.75831572967994,0.225206930307912,"French",2,"in_range","LIS LES MOTS SUIVANTS A VOIX HAUTE :puma"
"f267",2.61157636589704,0.798323602712835,"French",2,"in_range","LIS LES MOTS SUIVANTS A VOIX HAUTE :douche"
"f268",2.10755709082991,0.177137486637634,"French",2,"in_range","LIS LES MOTS SUIVANTS A VOIX HAUTE :lavabo"
"f269",1.76153174769862,-0.0392823730377741,"French",2,"in_range","LIS LES PHRASES SUIVANTES : Ce"
"f270",2.42637378402337,0.619228438479368,"French",2,"in_range","LIS LES PHRASES SUIVANTES : matin"
"f271",2.58106677104467,0.591522222154665,"French",2,"in_range","LIS LES PHRASES SUIVANTES: j'ai"
"f272",2.15696323016642,0.386736709217024,"French",2,"in_range","LIS LES PHRASES SUIVANTES:vu"
"f273",3.05694305219058,-0.402260501375723,"French",2,"in_range","LIS LES PHRASES SUIVANTES :une"
"f274",3.281702783396,0.882137375462244,"French",2,"in_range","LIS LES PHRASES SUIVANTES : grande"
"f275",1.78833803429359,1.09111419324353,"French",2,"in_range","LIS LES PHRASES SUIVANTES : girafe"
"f276",4.69120344851536,1.02476480834846,"French",2,"in_range","Fluidité: Ce matin j'ai vu une grande girafe"
"f277",2.34351507863852,-0.344010724764313,"French",2,"in_range","LIS LES PHRASES SUIVANTES : Je"
"f278",2.53183431234977,0.715152566119188,"French",2,"in_range","LIS LES PHRASES SUIVANTES : mange"
"f279",3.26485968017059,0.259604476791857,"French",2,"in_range","LIS LES PHRASES SUIVANTES : des"
"f280",2.66942722774629,1.35555974052315,"French",2,"in_range","LIS LES PHRASES SUIVANTES :fruits"
"f281",1.9281158684469,-0.503468154575982,"French",2,"in_range","LIS LES PHRASES SUIVANTES : à"
"f282",3.09150593242479,-0.44785347802218,"French",2,"in_range","LIS LES PHRASES SUIVANTES : la"
"f283",2.30926574585182,1.0945552258384,"French",2,"in_range","LIS LES PHRASES SUIVANTES : fin"
"f284",2.74768831356583,0.107654810541246,"French",2,"in_range","LIS LES PHRASES SUIVANTES : du"
"f285",2.85899833117526,1.15822635046416,"French",2,"in_range","LIS LES PHRASES SUIVANTES : déjeuner"
"f286",3.08118169072545,1.22988288861979,"French",2,"in_range","Fluidité: Je mange des fruits à la fin du déjeuner"
"f293",0.187709173809357,3.40361328651954,"French",2,"very_hard","LIS LA QUESTION ET MONTRE-MOI LA BONNE REPONSE. QUE FAIT ALI ? Ali saute sur le"
"f294_nv",0.682136570064767,1.88790951054146,"French",2,"in_range","LIS LA QUESTION ET MONTRE-MOI LA BONNE REPONSE. QUE FAIT SALMA? Elle joue."
"f295",1.81425259953127,1.28068868838759,"French",2,"in_range","ECRIS LE MOT CORRESPONDANT A L'IMAGE:cheval"
"f296",1.44961636833733,0.852016022580171,"French",2,"in_range","ECRIS LE MOT CORRESPONDANT A L'IMAGE:cahier/livre"
"f297_nv",1.10100901704367,0.41303444785084,"French",2,"in_range","ECRIS UNE PHRASE A PARTIR DES MOTS SUIVANTS: une fleur, Omar, dessine"
"f298",1.21493748032462,0.749805428027537,"French",2,"in_range","ECRIS UNE PHRASE A PARTIR DES MOTS SUIVANTS: rouge, est, mon cartable"
"f299",1.87607783333684,1.28757403170339,"French",2,"in_range","ECRIS UNE PHRASE A PARTIR DES MOTS SUIVANTS: sous, est, la table, le chien"
"f21",1,1.31879905296408,"French",3,"in_range","TU AS QUEL AGE ? QUEL AGE AS-TU ?"
"f211",1,-1.39609960499383,"French",3,"in_range","JE VAIS DIRE UN MOT ET TU DOIS ME MONTRER L'IMAGE CORRESPONDANTE: La fenêtre"
"f22_nv",1,2.75070642921326,"French",3,"very_hard","QU'EST-CE QUE TU FAIS EN CLASSE?"
"f23",1,2.09219174855125,"French",3,"very_hard","C'EST QUEL JOUR AUJOURD'HUI ?"
"f232_nv",1,-0.327436050685376,"French",3,"in_range","LIS LES MOTS SUIVANTS A VOIX HAUTE:limonade"
"f233_nv",1,0.484495386103977,"French",3,"in_range","LIS LES MOTS SUIVANTS A VOIX HAUTE:dune"
"f235_nv",1,0.423798724685592,"French",3,"in_range","LIS LES MOTS SUIVANTS A VOIX HAUTE:pire"
"f245",1,-1.22080977132182,"French",3,"in_range","RELIE CHAQUE MOT A L'IMAGE CORRESPONDANTE: vache"
"f246",1,-1.65511726715181,"French",3,"in_range","RELIE CHAQUE MOT A L'IMAGE CORRESPONDANTE:tapis"
"f247",1,-0.985833953057977,"French",3,"in_range","RELIE CHAQUE MOT A L'IMAGE CORRESPONDANTE: poule"
"f253",1,-0.634485238530765,"French",3,"in_range","JE VAIS DIRE UN MOT ET TU DOIS ME MONTRER L'IMAGE CORRESPONDANTE: Une chaise"
"f255",1,-1.57924926784967,"French",3,"in_range","JE VAIS DIRE UN MOT ET TU DOIS ME MONTRER L'IMAGE CORRESPONDANTE: Une fleur"
"f256",1,-0.146473527002656,"French",3,"in_range","JE VAIS DIRE UNE PHRASE ET TU DOIS ME MONTRER L'IMAGE CORRESPONDANTE: Amine dort"
"f257",1,-0.572337845912579,"French",3,"in_range","JE VAIS DIRE UNE PHRASE ET TU DOIS ME MONTRER L'IMAGE CORRESPONDANTE: Amine dess"
"f258",1,-0.953092982953602,"French",3,"in_range","JE VAIS DIRE UNE PHRASE ET TU DOIS ME MONTRER L'IMAGE CORRESPONDANTE: Amine boit"
"f259",1,0.545477574211193,"French",3,"in_range","C'EST AMINE SUR L'IMAGE. JE VAIS TE POSER DES QUESTIONS. REPONDS-MOI AVEC UNE PH"
"f260",1,1.35361651892165,"French",3,"in_range","C'EST AMINE SUR L'IMAGE. JE VAIS TE POSER DES QUESTIONS. REPONDS-MOI AVEC UNE PH"
"f261",1,1.56932552106852,"French",3,"in_range","C'EST Lina SUR L'IMAGE. JE VAIS TE POSER DES QUESTIONS. REPONDS-MOI AVEC UNE PHR"
"f262",1,2.87293354855622,"French",3,"very_hard","C'EST Lina SUR L'IMAGE. JE VAIS TE POSER DES QUESTIONS. REPONDS-MOI AVEC UNE PHR"
"f263",1,2.32347874376551,"French",3,"very_hard","C'EST Lina SUR L'IMAGE. JE VAIS TE POSER DES QUESTIONS. REPONDS-MOI AVEC UNE PHR"
"f264",1,-1.46832089789929,"French",3,"in_range","LIS LES MOTS SUIVANTS A VOIX HAUTE :karima"
"f265",1,1.11548723813007,"French",3,"in_range","LIS LES MOTS SUIVANTS A VOIX HAUTE :régal"
"f266",1,0.33319371378922,"French",3,"in_range","LIS LES MOTS SUIVANTS A VOIX HAUTE :puma"
"f267",1,0.668482645971956,"French",3,"in_range","LIS LES MOTS SUIVANTS A VOIX HAUTE :douche"
"f268",1,-1.1865584660572,"French",3,"in_range","LIS LES MOTS SUIVANTS A VOIX HAUTE :lavabo"
"f269",1,-0.449235254516908,"French",3,"in_range","LIS LES PHRASES SUIVANTES : Ce"
"f270",1,0.273022483257098,"French",3,"in_range","LIS LES PHRASES SUIVANTES : matin"
"f271",1,-0.418676278637014,"French",3,"in_range","LIS LES PHRASES SUIVANTES: j'ai"
"f272",1,-0.176525763183917,"French",3,"in_range","LIS LES PHRASES SUIVANTES:vu"
"f273",1,-1.36046540503858,"French",3,"in_range","LIS LES PHRASES SUIVANTES :une"
"f274",1,0.730602875221444,"French",3,"in_range","LIS LES PHRASES SUIVANTES : grande"
"f275",1,0.920073401147023,"French",3,"in_range","LIS LES PHRASES SUIVANTES : girafe"
"f276",1,1.42416452333835,"French",3,"in_range","Fluidité: Ce matin j'ai vu une grande girafe"
"f277",1,-1.39609960499383,"French",3,"in_range","LIS LES PHRASES SUIVANTES : Je"
"f278",1,0.606790817935283,"French",3,"in_range","LIS LES PHRASES SUIVANTES : mange"
"f279",1,-0.449235254516908,"French",3,"in_range","LIS LES PHRASES SUIVANTES : des"
"f280",1,1.45992344711249,"French",3,"in_range","LIS LES PHRASES SUIVANTES :fruits"
"f281",1,-1.77215606251104,"French",3,"in_range","LIS LES PHRASES SUIVANTES : à"
"f282",1,-1.85258448110201,"French",3,"in_range","LIS LES PHRASES SUIVANTES : la"
"f283",1,1.28426810212917,"French",3,"in_range","LIS LES PHRASES SUIVANTES : fin"
"f284",1,-0.176525763183917,"French",3,"in_range","LIS LES PHRASES SUIVANTES : du"
"f285",1,0.856341191186591,"French",3,"in_range","LIS LES PHRASES SUIVANTES : déjeuner"
"f286",1,1.35361651892165,"French",3,"in_range","Fluidité: Je mange des fruits à la fin du déjeuner"
"f293",1,0.0333290359119113,"French",3,"in_range","LIS LA QUESTION ET MONTRE-MOI LA BONNE REPONSE. QUE FAIT ALI ? Ali saute sur le"
"f294_nv",1,1.64420267287243,"French",3,"in_range","LIS LA QUESTION ET MONTRE-MOI LA BONNE REPONSE. QUE FAIT SALMA? Elle joue."
"f295",1,0.730602875221445,"French",3,"in_range","ECRIS LE MOT CORRESPONDANT A L'IMAGE:cheval"
"f296",1,0.699485999029831,"French",3,"in_range","ECRIS LE MOT CORRESPONDANT A L'IMAGE:cahier/livre"
"f297_nv",1,0.21298955415335,"French",3,"in_range","ECRIS UNE PHRASE A PARTIR DES MOTS SUIVANTS: une fleur, Omar, dessine"
"f298",1,-0.176525763183916,"French",3,"in_range","ECRIS UNE PHRASE A PARTIR DES MOTS SUIVANTS: rouge, est, mon cartable"
"f299",1,1.38873372425311,"French",3,"in_range","ECRIS UNE PHRASE A PARTIR DES MOTS SUIVANTS: sous, est, la table, le chien"
"f21",1.88291752675131,0.405077265821698,"French",4,"in_range","TU AS QUEL AGE ? QUEL AGE AS-TU ?"
"f2100",1.97643483489623,2.04550935451747,"French",4,"very_hard","A QUELLE HEURE TU VIENS A L'ECOLE LE MATIN ?"
"f2101",0.87079900931216,3.33166148453151,"French",4,"very_hard","COMMENT TU VIENS A L'ECOLE ?"
"f2102",1.68075634447906,1.72941082841227,"French",4,"in_range","QU'EST-CE QUE TU FAIS PENDANT LES VACANCES?"
"f2104",1.49985954737343,1.41662340431319,"French",4,"in_range","QUELLE EST TA MATIERE PREFEREE A L'ECOLE ?"
"f2105",1.21443179648002,1.57355284498757,"French",4,"in_range","QUEL EST TON PLAT PREFERE?"
"f2107",1.55249424744801,2.52570778101682,"French",4,"very_hard","Lina se réveille le matin."
"f2108",2.26596892929267,1.19671291811947,"French",4,"in_range","Lina va à la plage avec sa famille."
"f2109",2.00707903676593,1.25554090814974,"French",4,"in_range","Lina nage dans la mer."
"f2110",2.48610322220425,1.11048094273122,"French",4,"in_range","Lina joue sur le sable."
"f2111",2.42320831903131,0.224936450594094,"French",4,"in_range","Lina mange une glace."
"f2112",2.31222603348446,1.57336796433872,"French",4,"in_range","Lina dort dans son lit"
"f2113",0.768087528091191,0.144096154473321,"French",4,"in_range","TU VAS ECOUTER UNE HISTOIRE AUDIO. REGARDE BIEN LES IMAGES. TU DOIS METTRE LES N"
"f2114",1.32662434009526,-0.309626255806847,"French",4,"in_range","TU VAS ECOUTER UNE AUTRE HISTOIRE AUDIO. REGARDE BIEN LES IMAGES. TU DOIS METTRE"
"f2118",3.34462076911809,-1.54133163208893,"French",4,"in_range","RELIE CHAQUE MOT A L'IMAGE CORRESPONDANTE: tomate"
"f2119",3.57977966252653,-1.25149741225681,"French",4,"in_range","RELIE CHAQUE MOT A L'IMAGE CORRESPONDANTE: école"
"f2126",1.53234547058577,1.94615822884116,"French",4,"in_range","RELIS LE TEXTE ET MET EN ORDRE LES IMAGES"
"f2127",0.497758823765098,1.31299874873114,"French",4,"in_range","Quand se promène Dina avec sa famille? L'après-midi"
"f2128",1.75982017605013,1.45099765206001,"French",4,"in_range","C'EST AMINE SUR LES IMAGES. ECRIS UNE PHRASE POUR DECRIRE L'IMAGE, COMME DANS L'"
"f2129",1.61525788160086,1.51496301186056,"French",4,"in_range","C'EST AMINE SUR LES IMAGES. ECRIS UNE PHRASE POUR DECRIRE L'IMAGE, COMME DANS L'"
"f2130",2.28238028973112,0.940722149063568,"French",4,"in_range","C'EST AMINE SUR LES IMAGES. ECRIS UNE PHRASE POUR DECRIRE L'IMAGE, COMME DANS L'"
"f2131",2.17934865669945,1.32196686494828,"French",4,"in_range","C'EST AMINE SUR LES IMAGES. ECRIS UNE PHRASE POUR DECRIRE L'IMAGE, COMME DANS L'"
"f23",1.05669516524759,1.14320445899022,"French",4,"in_range","C'EST QUEL JOUR AUJOURD'HUI ?"
"f232_nv",1.96825832648436,-0.498720438695771,"French",4,"in_range","LIS LES MOTS SUIVANTS A VOIX HAUTE:limonade"
"f233_nv",1.30631434993173,-0.312330719541128,"French",4,"in_range","LIS LES MOTS SUIVANTS A VOIX HAUTE:dune"
"f235_nv",1.15682972525354,0.0387688029481086,"French",4,"in_range","LIS LES MOTS SUIVANTS A VOIX HAUTE:pire"
"f247",1.74052536065719,-0.77916549673851,"French",4,"in_range","RELIE CHAQUE MOT A L'IMAGE CORRESPONDANTE: poule"
"f293",0.748269820638378,0.0570205127983893,"French",4,"in_range","LIS LA QUESTION ET MONTRE-MOI LA BONNE REPONSE. QUE FAIT ALI ? Ali saute sur le"
"f294_nv",1.28475704538913,0.36771538668838,"French",4,"in_range","LIS LA QUESTION ET MONTRE-MOI LA BONNE REPONSE. QUE FAIT SALMA? Elle joue."
"f297_nv",1.96438524957084,-0.411233794246798,"French",4,"in_range","ECRIS UNE PHRASE A PARTIR DES MOTS SUIVANTS: une fleur, Omar, dessine"
"f298",0.965893015746575,-1.28535739838715,"French",4,"in_range","ECRIS UNE PHRASE A PARTIR DES MOTS SUIVANTS: rouge, est, mon cartable"
"f299",1.31546964643079,0.0754055699732377,"French",4,"in_range","ECRIS UNE PHRASE A PARTIR DES MOTS SUIVANTS: sous, est, la table, le chien"
"f21",1,0.904539784045927,"French",5,"in_range","TU AS QUEL AGE ? QUEL AGE AS-TU ?"
"f2100",1,3.08812681928462,"French",5,"very_hard","A QUELLE HEURE TU VIENS A L'ECOLE LE MATIN ?"
"f2101",1,3.32408867520257,"French",5,"very_hard","COMMENT TU VIENS A L'ECOLE ?"
"f2102",1,2.08020239120996,"French",5,"very_hard","QU'EST-CE QUE TU FAIS PENDANT LES VACANCES?"
"f2104",1,0.904539784045926,"French",5,"in_range","QUELLE EST TA MATIERE PREFEREE A L'ECOLE ?"
"f2105",1,1.54510710577257,"French",5,"in_range","QUEL EST TON PLAT PREFERE?"
"f2107",1,3.59140975179574,"French",5,"very_hard","Lina se réveille le matin."
"f2108",1,2.03175276689602,"French",5,"very_hard","Lina va à la plage avec sa famille."
"f2109",1,2.68201393249094,"French",5,"very_hard","Lina nage dans la mer."
"f2110",1,1.75690190657594,"French",5,"in_range","Lina joue sur le sable."
"f2111",1,0.434074651588803,"French",5,"in_range","Lina mange une glace."
"f2112",1,2.74481022683118,"French",5,"very_hard","Lina dort dans son lit"
"f2113",1,-0.261173468350328,"French",5,"in_range","TU VAS ECOUTER UNE HISTOIRE AUDIO. REGARDE BIEN LES IMAGES. TU DOIS METTRE LES N"
"f2114",1,-0.996944502594775,"French",5,"in_range","TU VAS ECOUTER UNE AUTRE HISTOIRE AUDIO. REGARDE BIEN LES IMAGES. TU DOIS METTRE"
"f2118",1,-3.49075060604074,"French",5,"very_easy","RELIE CHAQUE MOT A L'IMAGE CORRESPONDANTE: tomate"
"f2119",1,-2.95825250290154,"French",5,"very_easy","RELIE CHAQUE MOT A L'IMAGE CORRESPONDANTE: école"
"f2126",1,2.80936888173996,"French",5,"very_hard","RELIS LE TEXTE ET MET EN ORDRE LES IMAGES"
"f2127",1,1.54510710577257,"French",5,"in_range","Quand se promène Dina avec sa famille? L'après-midi"
"f2128",1,2.87582246622738,"French",5,"very_hard","C'EST AMINE SUR LES IMAGES. ECRIS UNE PHRASE POUR DECRIRE L'IMAGE, COMME DANS L'"
"f2129",1,2.03175276689602,"French",5,"very_hard","C'EST AMINE SUR LES IMAGES. ECRIS UNE PHRASE POUR DECRIRE L'IMAGE, COMME DANS L'"
"f2130",1,1.42413087207033,"French",5,"in_range","C'EST AMINE SUR LES IMAGES. ECRIS UNE PHRASE POUR DECRIRE L'IMAGE, COMME DANS L'"
"f2131",1,2.87582246622738,"French",5,"very_hard","C'EST AMINE SUR LES IMAGES. ECRIS UNE PHRASE POUR DECRIRE L'IMAGE, COMME DANS L'"
"f23",1,0.532072403402603,"French",5,"in_range","C'EST QUEL JOUR AUJOURD'HUI ?"
"f232_nv",1,-1.27080043029631,"French",5,"in_range","LIS LES MOTS SUIVANTS A VOIX HAUTE:limonade"
"f233_nv",1,-0.575388747027851,"French",5,"in_range","LIS LES MOTS SUIVANTS A VOIX HAUTE:dune"
"f235_nv",1,-0.104964748202762,"French",5,"in_range","LIS LES MOTS SUIVANTS A VOIX HAUTE:pire"
"f247",1,-1.63900338741131,"French",5,"in_range","RELIE CHAQUE MOT A L'IMAGE CORRESPONDANTE: poule"
"f293",1,0.114635949126926,"French",5,"in_range","LIS LA QUESTION ET MONTRE-MOI LA BONNE REPONSE. QUE FAIT ALI ? Ali saute sur le"
"f294_nv",1,0.209537494545113,"French",5,"in_range","LIS LA QUESTION ET MONTRE-MOI LA BONNE REPONSE. QUE FAIT SALMA? Elle joue."
"f297_nv",1,-0.864801491559563,"French",5,"in_range","ECRIS UNE PHRASE A PARTIR DES MOTS SUIVANTS: une fleur, Omar, dessine"
"f298",1,-1.63900338741131,"French",5,"in_range","ECRIS UNE PHRASE A PARTIR DES MOTS SUIVANTS: rouge, est, mon cartable"
"f299",1,0.434074651588803,"French",5,"in_range","ECRIS UNE PHRASE A PARTIR DES MOTS SUIVANTS: sous, est, la table, le chien"
"f21",2.36863032929317,-0.118977739883363,"French",6,"in_range","TU AS QUEL AGE ? QUEL AGE AS-TU ?"
"f2100",1.82020326554777,1.00546345692145,"French",6,"in_range","A QUELLE HEURE TU VIENS A L'ECOLE LE MATIN ?"
"f2101",1.52884101847696,1.19492376329722,"French",6,"in_range","COMMENT TU VIENS A L'ECOLE ?"
"f2102",1.93813695450322,0.562613832757012,"French",6,"in_range","QU'EST-CE QUE TU FAIS PENDANT LES VACANCES?"
"f2104",1.78050895955832,0.091486406106122,"French",6,"in_range","QUELLE EST TA MATIERE PREFEREE A L'ECOLE ?"
"f2105",2.4561163768919,0.15873887661186,"French",6,"in_range","QUEL EST TON PLAT PREFERE?"
"f2107",3.03798229556232,1.4082373799091,"French",6,"in_range","Lina se réveille le matin."
"f2108",3.40536911706879,0.580850332235756,"French",6,"in_range","Lina va à la plage avec sa famille."
"f2109",1.87043182259158,1.21633933692328,"French",6,"in_range","Lina nage dans la mer."
"f2110",2.33641628483238,0.897092666357948,"French",6,"in_range","Lina joue sur le sable."
"f2111",2.14113214587867,-0.188844120409914,"French",6,"in_range","Lina mange une glace."
"f2112",2.19072762613174,1.02743582269189,"French",6,"in_range","Lina dort dans son lit"
"f2113",0.815554343847241,-0.879466850132614,"French",6,"in_range","TU VAS ECOUTER UNE HISTOIRE AUDIO. REGARDE BIEN LES IMAGES. TU DOIS METTRE LES N"
"f2114",1.08865208285892,-1.3620139386786,"French",6,"in_range","TU VAS ECOUTER UNE AUTRE HISTOIRE AUDIO. REGARDE BIEN LES IMAGES. TU DOIS METTRE"
"f2118",2.10998550964476,-2.26481631071468,"French",6,"very_easy","RELIE CHAQUE MOT A L'IMAGE CORRESPONDANTE: tomate"
"f2119",1.6628298448871,-2.38538578393592,"French",6,"very_easy","RELIE CHAQUE MOT A L'IMAGE CORRESPONDANTE: école"
"f2126",2.21845226349875,0.933707953630864,"French",6,"in_range","RELIS LE TEXTE ET MET EN ORDRE LES IMAGES"
"f2127",0.319889763999017,0.692519235702985,"French",6,"in_range","Quand se promène Dina avec sa famille? L'après-midi"
"f2128",1.96054836789603,1.19366630509166,"French",6,"in_range","C'EST AMINE SUR LES IMAGES. ECRIS UNE PHRASE POUR DECRIRE L'IMAGE, COMME DANS L'"
"f2129",2.60264338791486,1.11270258490483,"French",6,"in_range","C'EST AMINE SUR LES IMAGES. ECRIS UNE PHRASE POUR DECRIRE L'IMAGE, COMME DANS L'"
"f2130",1.97114323497982,0.558865104738398,"French",6,"in_range","C'EST AMINE SUR LES IMAGES. ECRIS UNE PHRASE POUR DECRIRE L'IMAGE, COMME DANS L'"
"f2131",3.02415173558741,1.50240789122721,"French",6,"in_range","C'EST AMINE SUR LES IMAGES. ECRIS UNE PHRASE POUR DECRIRE L'IMAGE, COMME DANS L'"
"f23",2.2937502379614,-0.525675366669788,"French",6,"in_range","C'EST QUEL JOUR AUJOURD'HUI ?"
"f232_nv",1.5474371411046,-0.803063085562268,"French",6,"in_range","LIS LES MOTS SUIVANTS A VOIX HAUTE:limonade"
"f233_nv",1.35124434702846,-0.676238517337128,"French",6,"in_range","LIS LES MOTS SUIVANTS A VOIX HAUTE:dune"
"f235_nv",1.24408904515757,-0.211618572718741,"French",6,"in_range","LIS LES MOTS SUIVANTS A VOIX HAUTE:pire"
"f247",1.61403784996013,-1.43999076903767,"French",6,"in_range","RELIE CHAQUE MOT A L'IMAGE CORRESPONDANTE: poule"
"f293",0.969973041986854,-0.0668257955113745,"French",6,"in_range","LIS LA QUESTION ET MONTRE-MOI LA BONNE REPONSE. QUE FAIT ALI ? Ali saute sur le"
"f294_nv",2.25633171492495,-0.236739156908259,"French",6,"in_range","LIS LA QUESTION ET MONTRE-MOI LA BONNE REPONSE. QUE FAIT SALMA? Elle joue."
"f297_nv",1.89384858458613,-1.08113171447184,"French",6,"in_range","ECRIS UNE PHRASE A PARTIR DES MOTS SUIVANTS: une fleur, Omar, dessine"
"f298",1.7438962137898,-1.50945949689895,"French",6,"in_range","ECRIS UNE PHRASE A PARTIR DES MOTS SUIVANTS: rouge, est, mon cartable"
"f299",1.68061297052263,-0.278568601565888,"French",6,"in_range","ECRIS UNE PHRASE A PARTIR DES MOTS SUIVANTS: sous, est, la table, le chien"
"m210",1.19425606172037,-1.12570246196373,"Maths",1,"in_range","Write the numbers in digits: sixty-five"
"m211_nv",1.37433172581392,-0.921042454927223,"Maths",1,"in_range","Write the numbers in digits: ninety-four"
"m212_nv",1.73595367942583,-0.785320025413725,"Maths",1,"in_range","Arrange the following numbers from smallest to largest:56 ; 10 ; 97"
"m213_nv",1.92596231437793,-0.399010331330429,"Maths",1,"in_range","Arrange the following numbers from largest to smallest:62; 8; 34"
"m214_nv3",1.70613066684665,-0.0671356816037333,"Maths",1,"in_range","23 + 5 ="
"m215_nv3",1.23485683122126,1.53611993668584,"Maths",1,"in_range","42 + 20 ="
"m216_nv3",1.48851829215093,1.31239426141879,"Maths",1,"in_range","47 − 3 ="
"m217_nv3",1.73512574696265,2.13297805282009,"Maths",1,"very_hard","37 − 10 ="
"m218_nv",0.96587090629537,0.338650239142427,"Maths",1,"in_range","Choose the appropriate operation to solve the problem:There are 12 buses at the"
"m219_nv3",1.22132151852477,0.411356618267888,"Maths",1,"in_range","Khalid has 18 apples. Each basket holds 6 apples. How many baskets did Khalid fi"
"m21_nv",3.4527421960672,-1.66277197676544,"Maths",1,"in_range","Read numbers : 6, 0, 3, 9, 2, 8, 1, 4, 7, 5"
"m220_nv",0.947104897153994,1.84329883609456,"Maths",1,"in_range","4 children shared equally 20 decorative beads.How many beads will each child get"
"m221",1.66847473084866,-1.13583943872165,"Maths",1,"in_range","Connect the digital clock and the analog clock with a line: (6:00)"
"m222",1.03199386237806,-2.00139338019049,"Maths",1,"very_easy","Connect the digital clock and the analog clock with a line: (12:00)"
"m224",0.920624386055185,-1.00710094794817,"Maths",1,"in_range","Draw with a ruler the required geometric shape: triangle"
"m225",1.01121668442294,-1.59199540829792,"Maths",1,"in_range","Draw with a ruler the required geometric shape: rectangle"
"m22_nv3",2.02636886683792,-1.11349704043681,"Maths",1,"in_range","2+3 ="
"m23_nv",3.00860922924002,-1.11594124694543,"Maths",1,"in_range","9+1 ="
"m23y3_nv3",2.21731106241889,-0.945919680614789,"Maths",1,"in_range","8+3 ="
"m24",1.19236043264804,0.175766423983716,"Maths",1,"in_range","7– 2 ="
"m24_nv3",1.20430860030608,0.103665274017853,"Maths",1,"in_range","8– 1 ="
"m25_nv3",1.6936431200873,0.385276258121405,"Maths",1,"in_range","Fill in the blank appropriately: Tens and Units"
"m26",1.27792794257343,-0.358515515190469,"Maths",1,"in_range","Connect each number with the appropriate representation: 23"
"m27",1.38894735109355,-0.142035385529305,"Maths",1,"in_range","Connect each number with the appropriate representation: 64"
"m28_nv",2.12441709586941,-0.914884784814731,"Maths",1,"in_range","Read the numbers:83"
"m29_nv",2.38884359259275,-1.06647463497325,"Maths",1,"in_range","Read the numbers:91"
"m210",1.03846232922047,-0.951682282616199,"Maths",2,"in_range","Write the numbers in digits: sixty-five"
"m221",1.17805995903379,-2.24749091567716,"Maths",2,"very_easy","Connect the digital clock and the analog clock with a line: (6:00)"
"m222",1.01041889837509,-2.90488394293847,"Maths",2,"very_easy","Connect the digital clock and the analog clock with a line: (12:00)"
"m223",0.486483170944043,-0.785155054427641,"Maths",2,"in_range","Place a mark in front of the series that includes from left to right: Square, Di"
"m226",1.03786807252392,-1.09327165996723,"Maths",2,"in_range","Draw the two missing shapes to complete the serie of shapes"
"m230",1.92794819934482,-0.112965861906572,"Maths",2,"in_range","5 x 6 ="
"m230_nv",1.48690867903927,0.889796906438615,"Maths",2,"in_range","4 x 8 ="
"m231_nv3",1.66067608191757,0.402351467550685,"Maths",2,"in_range","3 x 9 ="
"m232_nv3",2.81835588898793,0.374789812489554,"Maths",2,"in_range","Write the appropriate number under each illustration : (362)"
"m233_nv",3.79618279242652,0.28078207862238,"Maths",2,"in_range","Write the appropriate number under each illustration : (135)"
"m234_nv",2.11328851205363,0.164958710106364,"Maths",2,"in_range","Write the numbers in digits: three hundred and seven"
"m235_nv",2.12724066540545,-0.249607957843754,"Maths",2,"in_range","47 + 36"
"m236_nv",2.86976520368025,-0.165040918550358,"Maths",2,"in_range","68 + 27"
"m237_nv",2.3776127673067,0.313448194905918,"Maths",2,"in_range","683 + 57"
"m237_nv3",2.07420222313196,-0.0411518209081352,"Maths",2,"in_range","354+ 127"
"m238_nv",1.64049592201681,0.314222153382907,"Maths",2,"in_range","578 − 31"
"m239_nv2",1.00044243914808,0.576361357707725,"Maths",2,"in_range","12 × 4"
"m23y3_nv3",1.13462996524594,-1.50837384537903,"Maths",2,"in_range","8+3 ="
"m24",2.60063565170211,-0.90834742245007,"Maths",2,"in_range","7– 2 ="
"m240_nv3",0.941014719704071,0.444739780171323,"Maths",2,"in_range","43 x 2"
"m242_nv3",1.68044163255107,0.856995344422619,"Maths",2,"in_range","Laila has 15 cookies. She wants to put 3 cookies on each plate. How many plates"
"m243_nv3",1.57677043474214,0.863069478138647,"Maths",2,"in_range","Amina distributed 12 pencils equally among 4 students. How many pencils will eac"
"m247_nv3",0.768948248705744,0.543444168359013,"Maths",2,"in_range","What time is it? 6:30, 3:00, 3:30, 6:15"
"m249",1.82000133834306,0.825895442575842,"Maths",2,"in_range","Observe the solid figure and calculate: b) Number of edge"
"m250",1.16882886017868,-0.875835631731948,"Maths",2,"in_range","Put a sign (×) under the appropriate explanation of the table data:"
"m251",1.37730659124373,-1.16277410907631,"Maths",2,"in_range","The owner of a restaurant counted the meals served that day, and the results wer"
"m252_nv",1.57910903985949,0.778938833164547,"Maths",2,"in_range","74-46"
"m33y3_nv3",1.70365255147796,0.0138907113445494,"Maths",2,"in_range","13-9 ="
"m222",0.960720736743578,-3.25693262218244,"Maths",3,"very_easy","Connect the digital clock and the analog clock with a line: (12:00)"
"m230",1.92588940517082,-0.736483831853469,"Maths",3,"in_range","5 x 6 ="
"m230_nv",1.48253166983344,0.0587195314782087,"Maths",3,"in_range","4 x 8 ="
"m231_nv3",1.28562952069865,-0.0558948904824279,"Maths",3,"in_range","3 x 9 ="
"m232_nv2",1.87370511942243,0.351285453118631,"Maths",3,"in_range","Write the appropriate number under each illustration : (360)"
"m233_nv",1.5174449386073,-0.144965575371557,"Maths",3,"in_range","Write the appropriate number under each illustration : (135)"
"m252",1.53002772170935,-1.29296537901902,"Maths",3,"in_range","96-34 ="
"m253_nv2",1.58677146137467,0.181977029756125,"Maths",3,"in_range","62 - 38 ="
"m254_nv",1.22508693087799,-0.801284130920951,"Maths",3,"in_range","16-7 ="
"m259",2.85154390314712,0.658600035413014,"Maths",3,"in_range","Write the appropriate number in digits next to each of the following statements:"
"m260",1.74995182892412,0.492299011709456,"Maths",3,"in_range","determine the value represented by the number written in bold in each number: 5"
"m261",1.84840488889983,0.51479757428411,"Maths",3,"in_range","determine the value represented by the number written in bold in each number: 7"
"m262_nv3",1.28716994632723,-0.239350604641077,"Maths",3,"in_range","Arrange the following numbers in descending order: 2 135; 3 429; 23 415; 3 418"
"m265_nv",2.47157600112044,0.467072128088339,"Maths",3,"in_range","53 × 8 ="
"m266_nv3",1.17025549443404,0.355794912698265,"Maths",3,"in_range","Nadia has 18 dirhams, while Samir has 4 times what Nadia has. ✓ Circle the appro"
"m267_nv3",0.903743037242042,-0.623025222455672,"Maths",3,"in_range","I circle the fraction that is suitable for the representation with a line. Choic"
"m268_nv3",2.09453270784378,0.609042348400099,"Maths",3,"in_range","The grand-mother bought 5 chickens, each chicken costs 31 dirhams. Calculate in"
"m270",1.67917981516387,1.18186068229863,"Maths",3,"in_range","Othman left his house at nine fifteen and spent 20 minutes on his way to school."
"m271_nv",2.38846561245333,-0.243730290259763,"Maths",3,"in_range","Yassine has 750 dirhams. He bought a backpack for 320 dirhams. Calculate ( ) how"
"m272_nv",2.14734785593718,-0.127811261963674,"Maths",3,"in_range","Hanan received 25 stars for excellence in the French language and 15 stars in ar"
"m273_nv3",0.613931717770028,-0.267679383824792,"Maths",3,"in_range","I complete drawing a rectangle."
"m274_nv3",1.73994762982107,0.550331470244295,"Maths",3,"in_range","Calculate the perimeter (P) of the square"
"m275",1.98784678173998,0.719681620558068,"Maths",3,"in_range","The students of the third level at the school created a garden in the shape of a"
"m276",2.17873769869551,-0.771523943025698,"Maths",3,"in_range","Write the number of students who read White Fang"
"m277",1.97236435329147,0.078156276898023,"Maths",3,"in_range","Which two stories were read by the same number of students?"
"m278_nv3",1.82362962266419,-0.566442653862514,"Maths",3,"in_range","What is the title of the story that was read by 1 student only?"
"m279_nv3",1.91093223353731,-0.89989884146621,"Maths",3,"in_range","Carefully observe the graph and answer the following questions: How many seconds"
"m280_nv3",1.53649193177588,-1.03150237818515,"Maths",3,"in_range","Which child spent the most time in the race?"
"m33y3_nv3",1.1905388312584,-0.865188829485872,"Maths",3,"in_range","13-9 ="
"m2100_nv3",0.997681854124417,-0.427799913157233,"Maths",4,"in_range","A football field is in the shape of a rectangle, 90 meters long and 30 meters wi"
"m2101",0.990123958304977,-0.609376881207747,"Maths",4,"in_range","Enclose with a line the value that is equal to  5.3 km 20 m in meters. Choices:"
"m2102",0.416885913137569,0.656054543103899,"Maths",4,"in_range","Put a sign (×) under the angle whose measure is less than the measure of the rig"
"m2103_nv3",1.35228563443104,-0.874436477545423,"Maths",4,"in_range","I have four equal sides and four right angles. who am I ?"
"m2104_nv",0.253670710148241,2.74494143164969,"Maths",4,"very_hard","How do you call Lines that are always the same distance apart and never cross? a"
"m2105_nv3",1.19376920524929,0.518093890467175,"Maths",4,"in_range","Draw a rectangle: lenght 8cm and width 5cm."
"m2107",1.75251805651839,0.326413776166329,"Maths",4,"in_range","72/6="
"m2108",2.49854655708845,0.580106661710019,"Maths",4,"in_range","94/8 ="
"m230",3.57195180999908,-1.08626871085403,"Maths",4,"in_range","5 x 6 ="
"m230_nv",1.39474433680292,-0.811536886873641,"Maths",4,"in_range","4 x 8 ="
"m259",1.93970095489144,0.452359643015674,"Maths",4,"in_range","Write the appropriate number in digits next to each of the following statements:"
"m260",1.28184758698289,1.25569900839934,"Maths",4,"in_range","determine the value represented by the number written in bold in each number: 5"
"m261",1.22381155157046,1.23590102439518,"Maths",4,"in_range","determine the value represented by the number written in bold in each number: 7"
"m279_nv3",1.54099358806129,-0.722716129950128,"Maths",4,"in_range","Carefully observe the graph and answer the following questions: How many seconds"
"m282_nv",1.91501428323751,-0.549809256816202,"Maths",4,"in_range","4x9 ="
"m283_nv",2.45657486562865,-0.602500921386081,"Maths",4,"in_range","8 x 11 ="
"m284_nv",1.84412500280726,-0.123574480067089,"Maths",4,"in_range","Khadija prepared 128 chocolate sweets and 87 honey sweets. How many sweets did K"
"m285_nv3",2.52895751321426,0.3752412949744,"Maths",4,"in_range","35 x 12 ="
"m286_nv",1.20291947380846,0.427623110328242,"Maths",4,"in_range","Circle the number that corresponds to the representation Choices: 1 457; 5 147;"
"m289_nv3",1.07857251087761,0.598252101630635,"Maths",4,"in_range","The common multiple between 2 and 3 Choices: 9; 12; 21; 28"
"m290_nv",1.59057762887073,-0.503582137278931,"Maths",4,"in_range","A farmer owns 48 goats. He sold some of them and now has 31 left. How many goats"
"m291",1.09662144468389,0.639991396180111,"Maths",4,"in_range","Tariq began writing a numerical model: can you guess the missing value following"
"m293_nv2",1.00763221497163,0.778880754613535,"Maths",4,"in_range","link the fractions on the graduated straight line - 6/12; 1/12; 9/12"
"m294_nv3",1.07566275617712,0.038566720574698,"Maths",4,"in_range","3/5 + 1/5 ="
"m295_nv3",1.33371187138325,2.36036165911619,"Maths",4,"very_hard","Hamid works five days a week. Each day he works, he earns 65 dirhams. ✓ Calculat"
"m296_nv3",1.57089553331829,0.685353764020249,"Maths",4,"in_range","Mr. Ahmed distributed 40 students equally into four groups. ✓ How many students"
"m297",0.754656906295292,0.864336982509955,"Maths",4,"in_range","Surround with a line the decimal number that represents:Eight units and three te"
"m298_nv3",0.554872890358939,2.71639738575558,"Maths",4,"very_hard","What is the decimal representation equivalent to the fraction: 6/10. Choices: 1,"
"m299",3.12065455482734,-0.036603871842403,"Maths",4,"in_range","Put a mark next to the distance that Saeed travels to and from school, knowing t"
"m2101",0.786409155579741,-1.00168931282404,"Maths",5,"in_range","Enclose with a line the value that is equal to  5.3 km 20 m in meters. Choices:"
"m2104_nv",0.316470179147702,3.07076566085563,"Maths",5,"very_hard","How do you call Lines that are always the same distance apart and never cross? a"
"m2107",4.83099625150334,-0.220737480614752,"Maths",5,"in_range","72/6="
"m2108",3.25300362392024,0.172361639791275,"Maths",5,"in_range","94/8 ="
"m2110_nv",1.85271922409202,-0.592592265014623,"Maths",5,"in_range","16 x 5 ="
"m2111",2.0999075227759,0.192751267202112,"Maths",5,"in_range","60 x 50 ="
"m2112_nv3",1.01766152724461,0.658716152275508,"Maths",5,"in_range","1,7 x 10 ="
"m21148_nva2",1.06274620515752,0.906570391259318,"Maths",5,"in_range","Determine what is required in each number: a) The digit in the thousands place i"
"m21148_nvb2",1.22780092972644,1.64438601072172,"Maths",5,"in_range","Determine what is required in each number: b) The value of the digit 4 in the nu"
"m2115_nv",3.06836484557616,0.0784125320687418,"Maths",5,"in_range","84 ÷ 6 ="
"m2116_nv",2.82162619495566,0.235694484103362,"Maths",5,"in_range","394 ÷ 7 ="
"m2118",0.845161663083793,1.36837908320688,"Maths",5,"in_range","Find the missing number so that the two fractions are equivalent: 7/5=49/X"
"m2119_nv3",2.60357737110858,1.84132443341422,"Maths",5,"in_range","5/3  + 3/2 ="
"m2120_nv3",2.23828801460536,2.0075377449267,"Maths",5,"very_hard","9/5 - 1/2 ="
"m2121_nv",1.51755623609215,2.83686316811805,"Maths",5,"very_hard","2/5 + 1/10 ="
"m2123_nv",0.249988309162807,3.04110720498281,"Maths",5,"very_hard","Omar bought 10 pens at a price of 7.5 dirhams each. He gave the shop assistant a"
"m2124_nv",1.8714524785398,0.286968562850836,"Maths",5,"in_range","There are 70 passengers on board a train. 28 of them got off at the first statio"
"m2125_nv3",2.50540408916202,0.571460940732082,"Maths",5,"in_range","Complete the rationale table for the following: 4/24 = 7/X"
"m2126_nv3",2.65130600101336,0.349996784750825,"Maths",5,"in_range","Complete the rationale table for the following: 4/24 = 1/X"
"m2128_nv3",0.929348483557376,0.476033718127805,"Maths",5,"in_range","162.38 + 89.4 ="
"m2131_nv",1.7564091932737,-0.715260153268514,"Maths",5,"in_range","(9 – 3) × 5 ="
"m2133_nv3",1.24691441648893,-0.0212687152439656,"Maths",5,"in_range","The following garden is in the shape of a rectangle. What is the area of the gar"
"m2134_nv3",1.53979252539855,-0.0899255033910928,"Maths",5,"in_range","Guess the measurement of the angle without using a protractor, and enclose the c"
"m2135",1.1246685234227,1.29878416483285,"Maths",5,"in_range","Measure the angle using a protractor. Write down your answer."
"m2136_nv3",1.37871573461621,1.25907910047053,"Maths",5,"in_range","Draw a rhombus with the following diagonal length: 8cm, 5 cm"
"m2138",1.26939213388127,-1.10147558261856,"Maths",5,"in_range","Complete  a drawing of the column for the number of bicycles of type No. 4."
"m2139_nv",3.37135855862799,0.4799347057547,"Maths",5,"in_range","735/7="
"m2140_nv",4.22599482198973,0.530601677084829,"Maths",5,"in_range","624/4="
"m282_nv",1.85837044355077,-1.35040766582618,"Maths",5,"in_range","4x9 ="
"m286_nv",1.06431343559899,0.96097452352562,"Maths",5,"in_range","Circle the number that corresponds to the representation Choices: 1 457; 5 147;"
"m296_nv",1.26000607459178,0.111220142585299,"Maths",5,"in_range","Mr. Ahmed distributed 40 students into four workshops. ✓ How many students are i"
"m2107",1,-0.564712188955303,"Maths",6,"in_range","72/6="
"m2139_nv",1,0.285492785835071,"Maths",6,"in_range","735/7="
"m2140_nv",1,-0.33254139677385,"Maths",6,"in_range","624/4="
"m259",1,0.648202863193782,"Maths",6,"in_range","Write the appropriate number in digits next to each of the following statements:"
"m286_nv",1,1.0975946741442,"Maths",6,"in_range","Circle the number that corresponds to the representation Choices: 1 457; 5 147;"
"m610y3_nv3",1,4.21825850124123,"Maths",6,"very_hard","Put in ascending order: 12,315; 12+3/100; 12; 121/10, 12,3"
"m611y3_nv3",1,1.67314887682355,"Maths",6,"in_range","29,75x9,2="
"m614y3_nv3",1,2.26981575576838,"Maths",6,"very_hard","375,69/14="
"m615y3_nv3",1,3.14679185344095,"Maths",6,"very_hard","ABCD is a square, its edge is 6,5cm. Inside of it there is a disk with a radius"
"m616y3_nv3",1,1.59115240132829,"Maths",6,"in_range","b) Calculate the area of the disk in cm²"
"m617y3_nv3",1,3.22755142259607,"Maths",6,"very_hard","c) Calculate the area of the colored part of the figure in cm²"
"m618y3_nv3",1,-0.598317096028092,"Maths",6,"in_range","In a summer camp, 1 chaperone was assigned for each 15 kids Fill the table: 1/X;"
"m61y3_nv3",1,-0.907679825594,"Maths",6,"in_range","800x7="
"m620y3_nv3",1,2.60158324522836,"Maths",6,"very_hard","Conclude the size of the angle ACB"
"m621y3_nv3",1,1.24339293334035,"Maths",6,"in_range","Create a miniature version of this shape at a 1/2 scale."
"m622y3_nv3",1,2.21885466876791,"Maths",6,"very_hard","Calculate the area of the garden in m²"
"m623y3_nv3",1,4.38214220424162,"Maths",6,"very_hard","Samira spends 1/4 of her time reading and 1/8 drawing. How much time does she sp"
"m624y3_nv3",1,2.72444119478637,"Maths",6,"very_hard","Sanaa spends 2/5 of her time reading. What percentage represents the amount of t"
"m625y3_nv3",1,2.21885466876791,"Maths",6,"very_hard","Represent the YouTube view data for the two capsules in the table using a line c"
"m626y3_nv3",1,1.20651645858424,"Maths",6,"in_range","Which of the two capsules got fewer views over the 6 days?"
"m62y3_nv3",1,-1.05026925833639,"Maths",6,"in_range","50x60="
"m63y3_nv3",1,0.990960737419472,"Maths",6,"in_range","39/10="
"m64y3_nv3",1,2.72444119478637,"Maths",6,"very_hard","52/0,1="
"m67y3_nv3",1,0.817474588782842,"Maths",6,"in_range","Write the appropriate number in digits next to each of the following statements:"
"m68y3_nv3",1,2.37511597260699,"Maths",6,"very_hard","8/5+7/4="
"m69y3_nv3",1,2.85519355944029,"Maths",6,"very_hard","9/2-4/7="
