"item","item_label","p_treated_g1","p_control_g1","response_rate_g1","corrected_item_total_g1","irt_difficulty_g1","irt_discrimination_g1","p_treated_g2","p_control_g2","response_rate_g2","corrected_item_total_g2","irt_difficulty_g2","irt_discrimination_g2","subject","grade_pair","anchor_flag","treated_p_swing"
"a14y3_nv3","Describe what you see in the picture: What is the girl celebrating ?",0.6,0.642857142857143,0.93854748603352,0.30569195812869,-0.596515626953162,1,0.91,0.83,0.98,0.381097321412918,-2.4598751573949,1,"Arabic","g1-g2","extreme_anchor",0.31
"a15y3_nv3","Describe what you see in the picture: How old is the girl ?",0.8,0.55952380952381,0.972067039106145,0.363274121045,-1.09644237397159,1,0.9,0.83,0.99,0.381890591732935,-2.40710852692351,1,"Arabic","g1-g2","extreme_anchor",0.1
"a16y3_nv3","Describe what you see in the picture: Who is the girl celebrating with ?",0.947368421052632,0.80952380952381,0.983240223463687,0.454411893228823,-3.21355910492431,1,0.92,0.88,0.99,0.275244115558946,-2.81397952734947,1,"Arabic","g1-g2","extreme_anchor",-0.0273684210526315
"a214_nv","Read the letters",0.98,0.92,0.985,0.259882875008801,-3.67032533114045,1,0.98,0.97,0.995,0.16783878517561,-3.09966646283413,1.5352588760985,"Arabic","g2-g3","extreme_anchor",0
"a215","Read the letters",0.99,0.97,1,0.15251129890514,-4.6976000581069,1,1,0.98,1,0.169417855445184,-2.6630001882598,4.05487776338805,"Arabic","g2-g3","extreme_anchor",0.01
"a217","Read the letters",1,0.97,0.99,0.177719438468647,-5.00566124547638,1,0.99,0.96,0.995,0.103708944419075,-4.57035006024324,0.8842325274382,"Arabic","g2-g3","extreme_anchor",-0.01
"a218","Read the letters",0.99,0.97,0.99,0.285757580895311,-4.6976000581069,1,1,0.94,0.995,0.247774437305961,-2.58015424441323,2.0346654498268,"Arabic","g2-g3","extreme_anchor",0.01
"a219_nv","Read the letters",0.96,0.87,0.995,0.190316062549901,-3.02373035147347,1,0.97,0.92,1,0.293226907861462,-2.23517380836115,1.89688709677013,"Arabic","g2-g3","extreme_anchor",0.01
"a236_nv","Producing narrative sentences and connecting them based on comments on pictures.",0.77,0.71,0.94,0.566205499415276,-1.38571671151937,1,0.87,0.76,0.995,0.369851577191356,-1.45018966760775,1.34516295278419,"Arabic","g2-g3","extreme_anchor",0.1
"a237_nv","Producing narrative sentences and connecting them based on comments on pictures.",0.69,0.55,0.905,0.539022383403693,-0.649773980517635,1,0.84,0.75,0.985,0.565649058930653,-0.959858439627081,2.86125273547292,"Arabic","g2-g3","extreme_anchor",0.15
"a261_nv","Composing simple sentences based on untidy words: Where do you practice your fav",0.53,0.2,0.95,0.495594207637905,0.749671670293542,1,0.58,0.32,0.93,0.639411370328115,0.17867967773056,2.39499846338706,"Arabic","g2-g3","usable_anchor",0.0499999999999999
"a324y3_nv3","Composing simple sentences based on untidy words: The birds fly above the tree",0.58,0.4,0.97,0.45642529066642,0.0631272537888931,1,0.59,0.32,0.945,0.677461495830903,0.160519087084815,2.65367828445472,"Arabic","g2-g3","usable_anchor",0.01
"a269","Producing narrative sentences based on a sequence of photos. (hunter vs. ant and",0.71,0.6,0.93,0.529440955633818,-0.555161761095416,1.67116191044475,0.79,0.76,0.96,0.471514943351601,-0.964389643380776,2.18777007381726,"Arabic","g3-g4","usable_anchor",0.0800000000000001
"a294","Composing simple sentences based on untidy words: (Wait for your turn on the lin",0.48,0.28,0.96,0.65504872340184,0.38728260892575,2.69408383595833,0.4,0.37,0.81,0.57007289031718,0.421910050311672,1.73589619497336,"Arabic","g3-g4","usable_anchor",-0.08
"a412y3_nv3","Reading comprehension text .Put (x) in front of the correct statement (What's th",0.25,0.24,0.99,0.188111032319373,2.70260403178953,0.433736902564314,0.4,0.3,0.995,0.492733994062112,0.629781991178479,1.33112805449224,"Arabic","g3-g4","usable_anchor",0.15
"a413y3_nv3","Reading comprehension text .Put (x) in front of the correct statement (Why did S",0.52,0.4,0.865,0.4560885982341,0.182221876469836,1.22976876912282,0.76,0.6,0.98,0.288371819410632,-1.29744296109914,0.631459123107449,"Arabic","g3-g4","usable_anchor",0.24
"a414y3_nv3","Reading comprehension text .Put the events in the right order. (3-4-2-1)",0.43,0.35,0.965,0.538990596240476,0.424897621818009,1.58159885697395,0.56,0.46,0.94,0.475430335501249,-0.0392852336259102,1.08412089552407,"Arabic","g3-g4","usable_anchor",0.13
"a415y3_nv3","Reading comprehension text . (Why does the sea feel sad and angry ?)",0.35,0.44,0.83,0.552675643257979,0.386544632985901,1.77768997274791,0.49,0.51,0.93,0.563173482249082,0.00925689700955896,1.52445846565703,"Arabic","g3-g4","usable_anchor",0.14
"a422y3_nv3","Composing simple sentences based on untidy words: (The kids always practice spor",0.29,0.11,0.91,0.440131446694548,1.2591029027286,1.54787168351757,0.24,0.09,0.835,0.426952707713392,1.4649773483548,1.53934423451671,"Arabic","g3-g4","usable_anchor",-0.05
"a2122","Put a mark (x) in front the correct answer: who built Badi palace?",0.54,0.47,0.98,0.446195913431428,-0.0171979364574359,1.04381159545189,0.673684210526316,0.61,0.97948717948718,0.397724413241203,-0.686819295702175,1.00112153273346,"Arabic","g4-g5","usable_anchor",0.133684210526316
"a2123","From where did the Koutoubia Mosque get its name",0.38,0.27,0.78,0.580490450909171,0.652042385412882,1.7152412554584,0.663157894736842,0.57,0.923076923076923,0.532825783823523,-0.415038024063469,1.52099233193275,"Arabic","g4-g5","usable_anchor",0.283157894736842
"a2130_nv","Writing an argumentative text about usage of internet : Write 2 Benefits of inte",0.33,0.22,0.58,0.542227228521868,0.812992737290322,1.93421229114673,0.463157894736842,0.39,0.584615384615385,0.605482866958528,0.257082909512932,2.54959404903358,"Arabic","g4-g5","low_coverage_anchor",0.133157894736842
"a519y3_nv3","Extract from the text 3 historical monuments",0.36,0.31,0.85,0.581496500957783,0.608808329571797,1.74290888244245,0.452631578947368,0.39,0.856410256410256,0.575330260239333,0.290873040304634,1.94086399344206,"Arabic","g4-g5","usable_anchor",0.0926315789473685
"a2130_nv","Writing an argumentative text about usage of internet : Write 2 Benefits of inte",0.463157894736842,0.39,0.584615384615385,0.605482866958528,0.257082909512932,2.54959404903358,0.326315789473684,0.34,0.461538461538462,0.595270249134081,0.522877191195933,3.32426876045828,"Arabic","g5-g6","low_coverage_anchor",-0.136842105263158
"a2142_nv","Take the floor and speak freely about convincing a friend to not leave school :",0.88421052631579,0.81,0.964102564102564,0.460532636512119,-1.43460246541182,1.77085321107893,0.8,0.73,0.938461538461538,0.540047893400152,-0.992531678734499,1.77049233153045,"Arabic","g5-g6","extreme_anchor",-0.0842105263157894
"a2143_nv","Take the floor and speak freely about convincing a friend to not leave school :a",0.705263157894737,0.56,0.923076923076923,0.43677374425621,-0.56035065187709,1.18691866186175,0.526315789473684,0.53,0.856410256410256,0.445754250932381,-0.106192060317843,1.12155357863753,"Arabic","g5-g6","usable_anchor",-0.178947368421053
"a2144_nv","Take the floor and speak freely about convincing a friend to not leave school :",0.789473684210526,0.56,0.917948717948718,0.504640129995356,-0.646882244170407,1.51412182847486,0.673684210526316,0.49,0.861538461538462,0.408119853814842,-0.384161892462046,0.958384385358353,"Arabic","g5-g6","usable_anchor",-0.115789473684211
"a2145_nv","Take the floor and speak freely about convincing a friend to not leave school :F",0.557894736842105,0.41,0.948717948717949,0.493092975775422,0.0901826687279262,1.39452095424781,0.463157894736842,0.39,0.871794871794872,0.566076162062181,0.303970019405111,1.5736334793315,"Arabic","g5-g6","usable_anchor",-0.0947368421052631
"a2146","Take the floor and speak freely about convincing a friend to not leave school :a",0.694736842105263,0.42,0.953846153846154,0.63019567689046,-0.137008083626345,2.1498458570481,0.547368421052632,0.44,0.882051282051282,0.611465548752581,0.0661418265525656,1.91804142005242,"Arabic","g5-g6","usable_anchor",-0.147368421052632
"a2147_nv","Take the floor and speak freely about convincing a friend to not leave school :a",0.71578947368421,0.49,0.958974358974359,0.58757628385855,-0.302968558630483,1.96531497631935,0.536842105263158,0.55,0.882051282051282,0.51504919059096,-0.148552794954702,1.34729790149817,"Arabic","g5-g6","usable_anchor",-0.178947368421053
"a2160","Understanding informational texts: Why is theater called the father of the arts?",0.589473684210526,0.47,0.907692307692308,0.574247977916626,-0.0702673803246148,1.75516813580098,0.863157894736842,0.88,0.994871794871795,0.171348419253566,-3.83490964078428,0.52636318770973,"Arabic","g5-g6","extreme_anchor",0.273684210526316
"a2161","Understanding informational texts: How does theater contribute to the education",0.505263157894737,0.42,0.82051282051282,0.548965836993127,0.160555277993398,1.68834348817025,0.789473684210526,0.64,0.907692307692308,0.442242347744906,-0.921286021881804,1.26549625357965,"Arabic","g5-g6","usable_anchor",0.28421052631579
"a2162_nv","Understanding informational texts: ite what each of the images attached to the t",0.452631578947368,0.44,0.815384615384615,0.478747374704948,0.233153546231408,1.35071485076333,0.831578947368421,0.76,0.938461538461538,0.296257916370909,-1.92363712288162,0.791786859568443,"Arabic","g5-g6","extreme_anchor",0.378947368421053
"a2164_nv","Understanding informational texts: Put an X in front of all the similarities. 6",0.0421052631578947,0.03,0.830769230769231,0.171458268337475,3.86492808550302,0.952196675225828,0.505263157894737,0.53,0.97948717948718,0.159460489293931,-0.222653739907923,0.327618570110497,"Arabic","g5-g6","extreme_anchor",0.463157894736842
"a629y3_nv3","Writing an argumentative text about usage of internet : Presenting at least 2 ar",0.442105263157895,0.31,0.558974358974359,0.609909334320774,0.390696031934319,3.15151405112697,0.28421052631579,0.21,0.405128205128205,0.549151550399471,0.79900916420408,3.05532105711996,"Arabic","g5-g6","low_coverage_anchor",-0.157894736842105
"a630y3_nv3","Write a text about internet use: no more than 8 errors",0.368421052631579,0.22,0.569230769230769,0.614328023843582,0.603614589777508,3.83250794279581,0.252631578947368,0.18,0.435897435897436,0.572006442204972,0.841111587530829,4.41040498127911,"Arabic","g5-g6","low_coverage_anchor",-0.11578947368421
"a631y3_nv3","Write a text about internet use: clear handwriting",0.452631578947368,0.31,0.564102564102564,0.569690132026366,0.396613818684449,2.48011730645772,0.357894736842105,0.26,0.451282051282051,0.605572690515332,0.578307292434557,4.04609152438441,"Arabic","g5-g6","low_coverage_anchor",-0.0947368421052632
"f21","TU AS QUEL AGE ? QUEL AGE AS-TU ?",0.47,0.0631578947368421,0.374358974358974,0.51044224919693,1.38710206076416,1,0.16,0.0303030303030303,0.195979899497487,0.330914802708365,2.18161925543308,1.28926883152574,"French","g1-g2","low_coverage_anchor",-0.31
"f211","JE VAIS DIRE UN MOT ET TU DOIS ME MONTRER L'IMAGE CORRESPONDANTE: La fenêtre",0.84,0.621052631578947,0.98974358974359,0.510196448637351,-1.47056556893282,1,0.8,0.575757575757576,0.974874371859296,0.404778752870964,-0.993513126044417,0.934055421655066,"French","g1-g2","extreme_anchor",-0.0399999999999999
"f23","C'EST QUEL JOUR AUJOURD'HUI ?",0.07,0.0842105263157895,0.194871794871795,0.285143261764088,3.41870962639563,1,0.11,0.232323232323232,0.316582914572864,0.251805872864159,2.32379129545467,0.753446103678888,"French","g1-g2","low_coverage_anchor",0.04
"f232_nv","LIS LES MOTS SUIVANTS A VOIX HAUTE:limonade",0.34,0.178947368421053,0.553846153846154,0.667230903172411,1.46171557428761,1,0.37,0.373737373737374,0.829145728643216,0.623597899794085,0.423598696523938,2.37316680329919,"French","g1-g2","low_coverage_anchor",0.03
"f233_nv","LIS LES MOTS SUIVANTS A VOIX HAUTE:dune",0.33,0.210526315789474,0.594871794871795,0.656977316016596,1.38710206076416,1,0.4,0.383838383838384,0.824120603015075,0.586118527145114,0.370591495043196,2.15093388013783,"French","g1-g2","low_coverage_anchor",0.07
"f235_nv","LIS LES MOTS SUIVANTS A VOIX HAUTE:pire",0.42,0.157894736842105,0.58974358974359,0.649423257015939,1.24240750269598,1,0.35,0.404040404040404,0.834170854271357,0.594037433249263,0.414879769262687,2.23829681760791,"French","g1-g2","low_coverage_anchor",-0.07
"f245","RELIE CHAQUE MOT A L'IMAGE CORRESPONDANTE: vache",0.52,0.336842105263158,0.948717948717949,0.378893028165358,0.367002932841757,1,0.73,0.555555555555556,0.944723618090452,0.473306073684602,-0.621408380636078,1.18450510009713,"French","g1-g2","usable_anchor",0.21
"f246","RELIE CHAQUE MOT A L'IMAGE CORRESPONDANTE:tapis",0.55,0.421052631578947,0.964102564102564,0.507654788537346,0.0362660000221583,1,0.66,0.525252525252525,0.949748743718593,0.580878657996184,-0.282276243632024,2.02494220848236,"French","g1-g2","usable_anchor",0.11
"f247","RELIE CHAQUE MOT A L'IMAGE CORRESPONDANTE: poule",0.49,0.28421052631579,0.938461538461538,0.469325097977727,0.613595095145733,1,0.66,0.474747474747475,0.934673366834171,0.556871593984202,-0.224970421411001,1.63459291076128,"French","g1-g2","usable_anchor",0.17
"f21","TU AS QUEL AGE ? QUEL AGE AS-TU ?",0.16,0.0303030303030303,0.195979899497487,0.330914802708365,2.18161925543308,1.28926883152574,0.48,0.1,0.445,0.346196782904002,1.31879905296408,1,"French","g2-g3","low_coverage_anchor",0.32
"f211","JE VAIS DIRE UN MOT ET TU DOIS ME MONTRER L'IMAGE CORRESPONDANTE: La fenêtre",0.8,0.575757575757576,0.974874371859296,0.404778752870964,-0.993513126044417,0.934055421655066,0.8,0.64,0.945,0.387308744795941,-1.39609960499383,1,"French","g2-g3","usable_anchor",0
"f22_nv","QU'EST-CE QUE TU FAIS EN CLASSE?",0.24,0.0505050505050505,0.35678391959799,0.295199106926973,2.45587172336326,0.805216350610183,0.15,0.1,0.445,0.473650361965405,2.75070642921326,1,"French","g2-g3","low_coverage_anchor",-0.09
"f23","C'EST QUEL JOUR AUJOURD'HUI ?",0.11,0.232323232323232,0.316582914572864,0.251805872864159,2.32379129545467,0.753446103678888,0.11,0.27,0.31,0.333985466556172,2.09219174855125,1,"French","g2-g3","low_coverage_anchor",0
"f232_nv","LIS LES MOTS SUIVANTS A VOIX HAUTE:limonade",0.37,0.373737373737374,0.829145728643216,0.623597899794085,0.423598696523938,2.37316680329919,0.59,0.52,0.905,0.647708977042872,-0.327436050685376,1,"French","g2-g3","usable_anchor",0.22
"f233_nv","LIS LES MOTS SUIVANTS A VOIX HAUTE:dune",0.4,0.383838383838384,0.824120603015075,0.586118527145114,0.370591495043196,2.15093388013783,0.48,0.36,0.895,0.621319742666983,0.484495386103977,1,"French","g2-g3","usable_anchor",0.08
"f235_nv","LIS LES MOTS SUIVANTS A VOIX HAUTE:pire",0.35,0.404040404040404,0.834170854271357,0.594037433249263,0.414879769262687,2.23829681760791,0.44,0.42,0.895,0.551327210892547,0.423798724685592,1,"French","g2-g3","usable_anchor",0.09
"f245","RELIE CHAQUE MOT A L'IMAGE CORRESPONDANTE: vache",0.73,0.555555555555556,0.944723618090452,0.473306073684602,-0.621408380636078,1.18450510009713,0.78,0.61,0.975,0.512251637128832,-1.22080977132182,1,"French","g2-g3","usable_anchor",0.05
"f246","RELIE CHAQUE MOT A L'IMAGE CORRESPONDANTE:tapis",0.66,0.525252525252525,0.949748743718593,0.580878657996184,-0.282276243632024,2.02494220848236,0.81,0.7,0.975,0.505568413457543,-1.65511726715181,1,"French","g2-g3","extreme_anchor",0.15
"f247","RELIE CHAQUE MOT A L'IMAGE CORRESPONDANTE: poule",0.66,0.474747474747475,0.934673366834171,0.556871593984202,-0.224970421411001,1.63459291076128,0.78,0.54,0.97,0.532499512286311,-0.985833953057977,1,"French","g2-g3","usable_anchor",0.12
"f253","JE VAIS DIRE UN MOT ET TU DOIS ME MONTRER L'IMAGE CORRESPONDANTE: Une chaise",0.72,0.404040404040404,0.959798994974874,0.418781932931009,-0.31459154580075,0.918106908994096,0.8,0.41,0.955,0.484596272097922,-0.634485238530765,1,"French","g2-g3","usable_anchor",0.0800000000000001
"f255","JE VAIS DIRE UN MOT ET TU DOIS ME MONTRER L'IMAGE CORRESPONDANTE: Une fleur",0.85,0.545454545454545,0.974874371859296,0.406561716230566,-0.968575995633004,1.04758264358997,0.79,0.7,0.935,0.298849117015808,-1.57924926784967,1,"French","g2-g3","extreme_anchor",-0.0599999999999999
"f256","JE VAIS DIRE UNE PHRASE ET TU DOIS ME MONTRER L'IMAGE CORRESPONDANTE: Amine dort",0.58,0.434343434343434,0.939698492462312,0.249018241295007,-0.064822541104788,0.465926563181241,0.61,0.44,0.975,0.246507932940898,-0.146473527002656,1,"French","g2-g3","usable_anchor",0.03
"f257","JE VAIS DIRE UNE PHRASE ET TU DOIS ME MONTRER L'IMAGE CORRESPONDANTE: Amine dess",0.81,0.353535353535354,0.954773869346734,0.313438255851883,-0.616804073214625,0.580610378569928,0.73,0.46,0.975,0.37547115676391,-0.572337845912579,1,"French","g2-g3","extreme_anchor",-0.0800000000000001
"f258","JE VAIS DIRE UNE PHRASE ET TU DOIS ME MONTRER L'IMAGE CORRESPONDANTE: Amine boit",0.66,0.424242424242424,0.969849246231156,0.276343549509105,-0.350407461462841,0.513576149044968,0.66,0.65,0.98,0.317696283699649,-0.953092982953602,1,"French","g2-g3","usable_anchor",0
"f259","C'EST AMINE SUR L'IMAGE. JE VAIS TE POSER DES QUESTIONS. REPONDS-MOI AVEC UNE PH",0.42,0.202020202020202,0.402010050251256,0.484545992208227,0.823525470175012,1.26790623305693,0.51,0.31,0.555,0.487816759351786,0.545477574211193,1,"French","g2-g3","low_coverage_anchor",0.09
"f260","C'EST AMINE SUR L'IMAGE. JE VAIS TE POSER DES QUESTIONS. REPONDS-MOI AVEC UNE PH",0.23,0.151515151515152,0.301507537688442,0.287077866153912,2.10077605251044,0.766140139164267,0.34,0.23,0.45,0.4964969288788,1.35361651892165,1,"French","g2-g3","low_coverage_anchor",0.11
"f261","C'EST Lina SUR L'IMAGE. JE VAIS TE POSER DES QUESTIONS. REPONDS-MOI AVEC UNE PHR",0.53,0.0707070707070707,0.376884422110553,0.526870496097128,0.815856337229338,1.42300817920934,0.4,0.11,0.465,0.482587115342551,1.56932552106852,1,"French","g2-g3","low_coverage_anchor",-0.13
"f262","C'EST Lina SUR L'IMAGE. JE VAIS TE POSER DES QUESTIONS. REPONDS-MOI AVEC UNE PHR",0.13,0.0303030303030303,0.266331658291457,0.413743737148015,1.81440087389756,2.05294384980373,0.1,0.13,0.34,0.356991793870196,2.87293354855622,1,"French","g2-g3","low_coverage_anchor",-0.03
"f263","C'EST Lina SUR L'IMAGE. JE VAIS TE POSER DES QUESTIONS. REPONDS-MOI AVEC UNE PHR",0.13,0.0404040404040404,0.386934673366834,0.321747702654463,2.23637645534289,1.33723262287223,0.23,0.1,0.52,0.427733217946948,2.32347874376551,1,"French","g2-g3","low_coverage_anchor",0.1
"f264","LIS LES MOTS SUIVANTS A VOIX HAUTE :karima",0.61,0.545454545454545,0.824120603015075,0.565477980201382,-0.221878763989955,2.20257302301556,0.83,0.63,0.91,0.593046541555915,-1.46832089789929,1,"French","g2-g3","extreme_anchor",0.22
"f265","LIS LES MOTS SUIVANTS A VOIX HAUTE :régal",0.35,0.191919191919192,0.658291457286432,0.56389142017063,0.808833782122421,2.024352163704,0.32,0.32,0.745,0.520226556253314,1.11548723813007,1,"French","g2-g3","low_coverage_anchor",-0.03
"f266","LIS LES MOTS SUIVANTS A VOIX HAUTE :puma",0.47,0.393939393939394,0.78391959798995,0.649173163127844,0.225206930307912,2.75831572967994,0.47,0.42,0.845,0.612426499789972,0.33319371378922,1,"French","g2-g3","usable_anchor",0
"f267","LIS LES MOTS SUIVANTS A VOIX HAUTE :douche",0.28,0.232323232323232,0.743718592964824,0.602898391521876,0.798323602712835,2.61157636589704,0.38,0.4,0.85,0.557512279240132,0.668482645971956,1,"French","g2-g3","low_coverage_anchor",0.1
"f268","LIS LES MOTS SUIVANTS A VOIX HAUTE :lavabo",0.47,0.434343434343434,0.773869346733668,0.580052132008019,0.177137486637634,2.10755709082991,0.79,0.59,0.88,0.684510050537547,-1.1865584660572,1,"French","g2-g3","usable_anchor",0.32
"f269","LIS LES PHRASES SUIVANTES : Ce",0.58,0.454545454545455,0.819095477386935,0.525641036313256,-0.0392823730377741,1.76153174769862,0.6,0.55,0.875,0.57037064271559,-0.449235254516908,1,"French","g2-g3","usable_anchor",0.02
"f270","LIS LES PHRASES SUIVANTES : matin",0.43,0.191919191919192,0.78894472361809,0.619517224728965,0.619228438479368,2.42637378402337,0.53,0.38,0.875,0.658431032229061,0.273022483257098,1,"French","g2-g3","usable_anchor",0.1
"f271","LIS LES PHRASES SUIVANTES: j'ai",0.43,0.202020202020202,0.763819095477387,0.638647317754616,0.591522222154665,2.58106677104467,0.62,0.52,0.85,0.514327350661879,-0.418676278637014,1,"French","g2-g3","usable_anchor",0.19
"f272","LIS LES PHRASES SUIVANTES:vu",0.43,0.343434343434343,0.753768844221106,0.606763252409092,0.386736709217024,2.15696323016642,0.55,0.51,0.835,0.598294264188357,-0.176525763183917,1,"French","g2-g3","usable_anchor",0.12
"f273","LIS LES PHRASES SUIVANTES :une",0.66,0.636363636363636,0.78894472361809,0.600933906269022,-0.402260501375723,3.05694305219058,0.75,0.68,0.85,0.563184733662564,-1.36046540503858,1,"French","g2-g3","usable_anchor",0.09
"f274","LIS LES PHRASES SUIVANTES : grande",0.3,0.141414141414141,0.683417085427136,0.65531808411388,0.882137375462244,3.281702783396,0.39,0.37,0.785,0.680796814909657,0.730602875221444,1,"French","g2-g3","low_coverage_anchor",0.09
"f275","LIS LES PHRASES SUIVANTES : girafe",0.17,0.262626262626263,0.693467336683417,0.47216773341362,1.09111419324353,1.78833803429359,0.36,0.34,0.78,0.494027829359351,0.920073401147023,1,"French","g2-g3","low_coverage_anchor",0.19
"f276","Fluidité: Ce matin j'ai vu une grande girafe",0.23,0.111111111111111,1,0.642849558013217,1.02476480834846,4.69120344851536,0.32,0.23,1,0.627792717823242,1.42416452333835,1,"French","g2-g3","usable_anchor",0.09
"f277","LIS LES PHRASES SUIVANTES : Je",0.75,0.484848484848485,0.758793969849246,0.580956122878164,-0.344010724764313,2.34351507863852,0.81,0.63,0.885,0.620935204912994,-1.39609960499383,1,"French","g2-g3","extreme_anchor",0.06
"f278","LIS LES PHRASES SUIVANTES : mange",0.37,0.191919191919192,0.768844221105528,0.638721299039152,0.715152566119188,2.53183431234977,0.43,0.37,0.875,0.627855083514574,0.606790817935283,1,"French","g2-g3","usable_anchor",0.06
"f279","LIS LES PHRASES SUIVANTES : des",0.53,0.303030303030303,0.753768844221106,0.701167708210326,0.259604476791857,3.26485968017059,0.59,0.56,0.875,0.687922850325932,-0.449235254516908,1,"French","g2-g3","usable_anchor",0.0599999999999999
"f280","LIS LES PHRASES SUIVANTES :fruits",0.12,0.131313131313131,0.698492462311558,0.507492015407768,1.35555974052315,2.66942722774629,0.2,0.34,0.835,0.612791866719442,1.45992344711249,1,"French","g2-g3","low_coverage_anchor",0.08
"f281","LIS LES PHRASES SUIVANTES : à",0.78,0.525252525252525,0.763819095477387,0.515140877381238,-0.503468154575982,1.9281158684469,0.85,0.69,0.89,0.589608682959236,-1.77215606251104,1,"French","g2-g3","extreme_anchor",0.07
"f282","LIS LES PHRASES SUIVANTES : la",0.78,0.545454545454545,0.768844221105528,0.599312463339375,-0.44785347802218,3.09150593242479,0.86,0.7,0.89,0.657513056105667,-1.85258448110201,1,"French","g2-g3","extreme_anchor",0.08
"f283","LIS LES PHRASES SUIVANTES : fin",0.21,0.171717171717172,0.748743718592965,0.544453141620194,1.0945552258384,2.30926574585182,0.27,0.32,0.87,0.550761818541238,1.28426810212917,1,"French","g2-g3","low_coverage_anchor",0.06
"f284","LIS LES PHRASES SUIVANTES : du",0.49,0.454545454545455,0.748743718592965,0.639778847583536,0.107654810541246,2.74768831356583,0.54,0.52,0.87,0.639569124622922,-0.176525763183917,1,"French","g2-g3","low_coverage_anchor",0.05
"f285","LIS LES PHRASES SUIVANTES : déjeuner",0.25,0.0707070707070707,0.698492462311558,0.560676319618654,1.15822635046416,2.85899833117526,0.53,0.19,0.82,0.676011832108478,0.856341191186591,1,"French","g2-g3","low_coverage_anchor",0.28
"f286","Fluidité: Je mange des fruits à la fin du déjeuner",0.17,0.111111111111111,1,0.537272123339789,1.22988288861979,3.08118169072545,0.34,0.23,1,0.651315913839711,1.35361651892165,1,"French","g2-g3","extreme_anchor",0.17
"f293","LIS LA QUESTION ET MONTRE-MOI LA BONNE REPONSE. QUE FAIT ALI ? Ali saute sur le",0.34,0.353535353535354,0.92964824120603,0.0629149981616343,3.40361328651954,0.187709173809357,0.57,0.42,0.96,0.409041460033079,0.0333290359119113,1,"French","g2-g3","weak_discrimination_anchor",0.23
"f294_nv","LIS LA QUESTION ET MONTRE-MOI LA BONNE REPONSE. QUE FAIT SALMA? Elle joue.",0.24,0.232323232323232,0.934673366834171,0.26720141854717,1.88790951054146,0.682136570064767,0.29,0.2,0.955,0.308909606683045,1.64420267287243,1,"French","g2-g3","usable_anchor",0.05
"f295","ECRIS LE MOT CORRESPONDANT A L'IMAGE:cheval",0.17,0.181818181818182,0.402010050251256,0.489073262876597,1.28068868838759,1.81425259953127,0.56,0.2,0.66,0.552824685082284,0.730602875221445,1,"French","g2-g3","low_coverage_anchor",0.39
"f296","ECRIS LE MOT CORRESPONDANT A L'IMAGE:cahier/livre",0.34,0.242424242424242,0.618090452261307,0.473097238336712,0.852016022580171,1.44961636833733,0.44,0.33,0.755,0.48631999449688,0.699485999029831,1,"French","g2-g3","low_coverage_anchor",0.1
"f297_nv","ECRIS UNE PHRASE A PARTIR DES MOTS SUIVANTS: une fleur, Omar, dessine",0.58,0.242424242424242,0.974874371859296,0.44310362334428,0.41303444785084,1.10100901704367,0.54,0.39,0.995,0.484626948134879,0.21298955415335,1,"French","g2-g3","usable_anchor",-0.0399999999999999
"f298","ECRIS UNE PHRASE A PARTIR DES MOTS SUIVANTS: rouge, est, mon cartable",0.39,0.272727272727273,0.974874371859296,0.450909543652023,0.749805428027537,1.21493748032462,0.62,0.44,0.985,0.572771480228472,-0.176525763183916,1,"French","g2-g3","usable_anchor",0.23
"f299","ECRIS UNE PHRASE A PARTIR DES MOTS SUIVANTS: sous, est, la table, le chien",0.27,0.0707070707070707,0.964824120603015,0.513767831744311,1.28757403170339,1.87607783333684,0.37,0.19,0.99,0.497191321127568,1.38873372425311,1,"French","g2-g3","usable_anchor",0.1
"f21","TU AS QUEL AGE ? QUEL AGE AS-TU ?",0.48,0.1,0.445,0.346196782904002,1.31879905296408,1,0.59,0.17,0.46,0.560353110320562,0.405077265821698,1.88291752675131,"French","g3-g4","low_coverage_anchor",0.11
"f23","C'EST QUEL JOUR AUJOURD'HUI ?",0.11,0.27,0.31,0.333985466556172,2.09219174855125,1,0.23,0.31,0.375,0.380547129214958,1.14320445899022,1.05669516524759,"French","g3-g4","low_coverage_anchor",0.12
"f232_nv","LIS LES MOTS SUIVANTS A VOIX HAUTE:limonade",0.59,0.52,0.905,0.647708977042872,-0.327436050685376,1,0.73,0.56,0.89,0.502537166755477,-0.498720438695771,1.96825832648436,"French","g3-g4","usable_anchor",0.14
"f233_nv","LIS LES MOTS SUIVANTS A VOIX HAUTE:dune",0.48,0.36,0.895,0.621319742666983,0.484495386103977,1,0.6,0.55,0.91,0.427586054120268,-0.312330719541128,1.30631434993173,"French","g3-g4","usable_anchor",0.12
"f235_nv","LIS LES MOTS SUIVANTS A VOIX HAUTE:pire",0.44,0.42,0.895,0.551327210892547,0.423798724685592,1,0.59,0.39,0.9,0.399258838075202,0.0387688029481086,1.15682972525354,"French","g3-g4","usable_anchor",0.15
"f247","RELIE CHAQUE MOT A L'IMAGE CORRESPONDANTE: poule",0.78,0.54,0.97,0.532499512286311,-0.985833953057977,1,0.84,0.58,0.975,0.46534711558174,-0.77916549673851,1.74052536065719,"French","g3-g4","extreme_anchor",0.0599999999999999
"f293","LIS LA QUESTION ET MONTRE-MOI LA BONNE REPONSE. QUE FAIT ALI ? Ali saute sur le",0.57,0.42,0.96,0.409041460033079,0.0333290359119113,1,0.62,0.36,0.975,0.33410656617808,0.0570205127983893,0.748269820638378,"French","g3-g4","usable_anchor",0.05
"f294_nv","LIS LA QUESTION ET MONTRE-MOI LA BONNE REPONSE. QUE FAIT SALMA? Elle joue.",0.29,0.2,0.955,0.308909606683045,1.64420267287243,1,0.54,0.28,0.97,0.479922917357784,0.36771538668838,1.28475704538913,"French","g3-g4","usable_anchor",0.25
"f297_nv","ECRIS UNE PHRASE A PARTIR DES MOTS SUIVANTS: une fleur, Omar, dessine",0.54,0.39,0.995,0.484626948134879,0.21298955415335,1,0.77,0.47,0.975,0.527166780591173,-0.411233794246798,1.96438524957084,"French","g3-g4","usable_anchor",0.23
"f298","ECRIS UNE PHRASE A PARTIR DES MOTS SUIVANTS: rouge, est, mon cartable",0.62,0.44,0.985,0.572771480228472,-0.176525763183916,1,0.77,0.71,0.985,0.325342737215927,-1.28535739838715,0.965893015746575,"French","g3-g4","usable_anchor",0.15
"f299","ECRIS UNE PHRASE A PARTIR DES MOTS SUIVANTS: sous, est, la table, le chien",0.37,0.19,0.99,0.497191321127568,1.38873372425311,1,0.57,0.39,0.985,0.453516263092139,0.0754055699732377,1.31546964643079,"French","g3-g4","usable_anchor",0.2
"f21","TU AS QUEL AGE ? QUEL AGE AS-TU ?",0.59,0.17,0.46,0.560353110320562,0.405077265821698,1.88291752675131,0.410526315789474,0.29,0.446153846153846,0.585095843152084,0.904539784045927,1,"French","g4-g5","low_coverage_anchor",-0.179473684210526
"f2100","A QUELLE HEURE TU VIENS A L'ECOLE LE MATIN ?",0.09,0.04,0.19,0.393927241842631,2.04550935451747,1.97643483489623,0.168421052631579,0.06,0.282051282051282,0.555683400555141,3.08812681928462,1,"French","g4-g5","low_coverage_anchor",0.078421052631579
"f2101","COMMENT TU VIENS A L'ECOLE ?",0.06,0.08,0.195,0.237426335059199,3.33166148453151,0.87079900931216,0.115789473684211,0.08,0.225641025641026,0.374305217554315,3.32408867520257,1,"French","g4-g5","low_coverage_anchor",0.0557894736842105
"f2102","QU'EST-CE QUE TU FAIS PENDANT LES VACANCES?",0.12,0.11,0.185,0.442932422680247,1.72941082841227,1.68075634447906,0.242105263157895,0.16,0.276923076923077,0.581809575245572,2.08020239120996,1,"French","g4-g5","low_coverage_anchor",0.122105263157895
"f2104","QUELLE EST TA MATIERE PREFEREE A L'ECOLE ?",0.26,0.09,0.24,0.465265250996876,1.41662340431319,1.49985954737343,0.568421052631579,0.14,0.384615384615385,0.647759639010292,0.904539784045926,1,"French","g4-g5","low_coverage_anchor",0.308421052631579
"f2105","QUEL EST TON PLAT PREFERE?",0.24,0.12,0.235,0.414548940456959,1.57355284498757,1.21443179648002,0.378947368421053,0.15,0.312820512820513,0.553317152366952,1.54510710577257,1,"French","g4-g5","low_coverage_anchor",0.138947368421053
"f2107","Lina se réveille le matin.",0.06,0.04,0.21,0.301509092970561,2.52570778101682,1.55249424744801,0.136842105263158,0.03,0.174358974358974,0.509674959554611,3.59140975179574,1,"French","g4-g5","low_coverage_anchor",0.0768421052631579
"f2108","Lina va à la plage avec sa famille.",0.26,0.08,0.43,0.557757842740103,1.19671291811947,2.26596892929267,0.242105263157895,0.17,0.369230769230769,0.616490260351162,2.03175276689602,1,"French","g4-g5","low_coverage_anchor",-0.0178947368421053
"f2109","Lina nage dans la mer.",0.29,0.05,0.275,0.526474445557633,1.25554090814974,2.00707903676593,0.221052631578947,0.07,0.230769230769231,0.613920910457167,2.68201393249094,1,"French","g4-g5","low_coverage_anchor",-0.0689473684210526
"f2110","Lina joue sur le sable.",0.26,0.1,0.28,0.560174939626325,1.11048094273122,2.48610322220425,0.326315789473684,0.15,0.302564102564103,0.616756224770625,1.75690190657594,1,"French","g4-g5","low_coverage_anchor",0.0663157894736842
"f2111","Lina mange une glace.",0.57,0.28,0.535,0.628912298113566,0.224936450594094,2.42320831903131,0.494736842105263,0.35,0.502564102564103,0.688910113701508,0.434074651588803,1,"French","g4-g5","low_coverage_anchor",-0.0752631578947368
"f2112","Lina dort dans son lit",0.17,0.04,0.245,0.489133616140912,1.57336796433872,2.31222603348446,0.178947368421053,0.1,0.230769230769231,0.486980962581816,2.74481022683118,1,"French","g4-g5","low_coverage_anchor",0.00894736842105262
"f2113","TU VAS ECOUTER UNE HISTOIRE AUDIO. REGARDE BIEN LES IMAGES. TU DOIS METTRE LES N",0.51,0.44,0.98,0.335337569146772,0.144096154473321,0.768087528091191,0.610526315789474,0.46,1,0.456096704345349,-0.261173468350328,1,"French","g4-g5","usable_anchor",0.100526315789474
"f2114","TU VAS ECOUTER UNE AUTRE HISTOIRE AUDIO. REGARDE BIEN LES IMAGES. TU DOIS METTRE",0.67,0.48,0.97,0.460054302095071,-0.309626255806847,1.32662434009526,0.736842105263158,0.57,0.994871794871795,0.443212096021716,-0.996944502594775,1,"French","g4-g5","usable_anchor",0.0668421052631578
"f2118","RELIE CHAQUE MOT A L'IMAGE CORRESPONDANTE: tomate",0.95,0.88,0.98,0.350770547603216,-1.54133163208893,3.34462076911809,0.957894736842105,0.88,0.98974358974359,0.37442213720451,-3.49075060604074,1,"French","g4-g5","extreme_anchor",0.00789473684210529
"f2119","RELIE CHAQUE MOT A L'IMAGE CORRESPONDANTE: école",0.94,0.8,0.98,0.420257643142448,-1.25149741225681,3.57977966252653,0.957894736842105,0.81,0.994871794871795,0.391291261948676,-2.95825250290154,1,"French","g4-g5","extreme_anchor",0.0178947368421053
"f2126","RELIS LE TEXTE ET MET EN ORDRE LES IMAGES",0.15,0.05,0.97,0.391158270375512,1.94615822884116,1.53234547058577,0.231578947368421,0.04,0.958974358974359,0.4949763665666,2.80936888173996,1,"French","g4-g5","extreme_anchor",0.0815789473684211
"f2127","Quand se promène Dina avec sa famille? L'après-midi",0.45,0.25,0.955,0.188014927941398,1.31299874873114,0.497758823765098,0.326315789473684,0.2,0.948717948717949,0.257141746519105,1.54510710577257,1,"French","g4-g5","usable_anchor",-0.123684210526316
"f2128","C'EST AMINE SUR LES IMAGES. ECRIS UNE PHRASE POUR DECRIRE L'IMAGE, COMME DANS L'",0.19,0.11,0.57,0.46881364410881,1.45099765206001,1.75982017605013,0.168421052631579,0.09,0.523076923076923,0.477668541772833,2.87582246622738,1,"French","g4-g5","low_coverage_anchor",-0.0215789473684211
"f2129","C'EST AMINE SUR LES IMAGES. ECRIS UNE PHRASE POUR DECRIRE L'IMAGE, COMME DANS L'",0.2,0.1,0.47,0.44097888563119,1.51496301186056,1.61525788160086,0.242105263157895,0.17,0.435897435897436,0.63293244371149,2.03175276689602,1,"French","g4-g5","low_coverage_anchor",0.0421052631578947
"f2130","C'EST AMINE SUR LES IMAGES. ECRIS UNE PHRASE POUR DECRIRE L'IMAGE, COMME DANS L'",0.28,0.17,0.675,0.560849083069011,0.940722149063568,2.28238028973112,0.336842105263158,0.22,0.671794871794872,0.554167878484994,1.42413087207033,1,"French","g4-g5","low_coverage_anchor",0.0568421052631579
"f2131","C'EST AMINE SUR LES IMAGES. ECRIS UNE PHRASE POUR DECRIRE L'IMAGE, COMME DANS L'",0.24,0.06,0.54,0.515401784800246,1.32196686494828,2.17934865669945,0.189473684210526,0.07,0.405128205128205,0.522924226278804,2.87582246622738,1,"French","g4-g5","low_coverage_anchor",-0.0505263157894737
"f23","C'EST QUEL JOUR AUJOURD'HUI ?",0.23,0.31,0.375,0.380547129214958,1.14320445899022,1.05669516524759,0.463157894736842,0.35,0.533333333333333,0.585098941787814,0.532072403402603,1,"French","g4-g5","low_coverage_anchor",0.233157894736842
"f232_nv","LIS LES MOTS SUIVANTS A VOIX HAUTE:limonade",0.73,0.56,0.89,0.502537166755477,-0.498720438695771,1.96825832648436,0.768421052631579,0.62,0.928205128205128,0.519164079967659,-1.27080043029631,1,"French","g4-g5","usable_anchor",0.0384210526315789
"f233_nv","LIS LES MOTS SUIVANTS A VOIX HAUTE:dune",0.6,0.55,0.91,0.427586054120268,-0.312330719541128,1.30631434993173,0.652631578947368,0.52,0.923076923076923,0.441634421998714,-0.575388747027851,1,"French","g4-g5","usable_anchor",0.0526315789473685
"f235_nv","LIS LES MOTS SUIVANTS A VOIX HAUTE:pire",0.59,0.39,0.9,0.399258838075202,0.0387688029481086,1.15682972525354,0.610526315789474,0.41,0.933333333333333,0.434107878840793,-0.104964748202762,1,"French","g4-g5","usable_anchor",0.0205263157894737
"f247","RELIE CHAQUE MOT A L'IMAGE CORRESPONDANTE: poule",0.84,0.58,0.975,0.46534711558174,-0.77916549673851,1.74052536065719,0.88421052631579,0.61,0.994871794871795,0.452635184411967,-1.63900338741131,1,"French","g4-g5","extreme_anchor",0.0442105263157895
"f293","LIS LA QUESTION ET MONTRE-MOI LA BONNE REPONSE. QUE FAIT ALI ? Ali saute sur le",0.62,0.36,0.975,0.33410656617808,0.0570205127983893,0.748269820638378,0.515789473684211,0.43,0.969230769230769,0.431418676786836,0.114635949126926,1,"French","g4-g5","usable_anchor",-0.104210526315789
"f294_nv","LIS LA QUESTION ET MONTRE-MOI LA BONNE REPONSE. QUE FAIT SALMA? Elle joue.",0.54,0.28,0.97,0.479922917357784,0.36771538668838,1.28475704538913,0.547368421052632,0.37,0.964102564102564,0.42991306956567,0.209537494545113,1,"French","g4-g5","usable_anchor",0.00736842105263158
"f297_nv","ECRIS UNE PHRASE A PARTIR DES MOTS SUIVANTS: une fleur, Omar, dessine",0.77,0.47,0.975,0.527166780591173,-0.411233794246798,1.96438524957084,0.705263157894737,0.56,0.994871794871795,0.595654201116076,-0.864801491559563,1,"French","g4-g5","usable_anchor",-0.0647368421052632
"f298","ECRIS UNE PHRASE A PARTIR DES MOTS SUIVANTS: rouge, est, mon cartable",0.77,0.71,0.985,0.325342737215927,-1.28535739838715,0.965893015746575,0.8,0.69,0.97948717948718,0.482657157570511,-1.63900338741131,1,"French","g4-g5","usable_anchor",0.03
"f299","ECRIS UNE PHRASE A PARTIR DES MOTS SUIVANTS: sous, est, la table, le chien",0.57,0.39,0.985,0.453516263092139,0.0754055699732377,1.31546964643079,0.610526315789474,0.24,0.984615384615385,0.623326913220845,0.434074651588803,1,"French","g4-g5","usable_anchor",0.0405263157894737
"f21","TU AS QUEL AGE ? QUEL AGE AS-TU ?",0.410526315789474,0.29,0.446153846153846,0.585095843152084,0.904539784045927,1,0.694736842105263,0.38,0.630769230769231,0.642792448022513,-0.118977739883363,2.36863032929317,"French","g5-g6","low_coverage_anchor",0.28421052631579
"f2100","A QUELLE HEURE TU VIENS A L'ECOLE LE MATIN ?",0.168421052631579,0.06,0.282051282051282,0.555683400555141,3.08812681928462,1,0.242105263157895,0.23,0.37948717948718,0.523479955413823,1.00546345692145,1.82020326554777,"French","g5-g6","low_coverage_anchor",0.0736842105263158
"f2101","COMMENT TU VIENS A L'ECOLE ?",0.115789473684211,0.08,0.225641025641026,0.374305217554315,3.32408867520257,1,0.273684210526316,0.16,0.369230769230769,0.464124404047139,1.19492376329722,1.52884101847696,"French","g5-g6","low_coverage_anchor",0.157894736842105
"f2102","QU'EST-CE QUE TU FAIS PENDANT LES VACANCES?",0.242105263157895,0.16,0.276923076923077,0.581809575245572,2.08020239120996,1,0.410526315789474,0.27,0.446153846153846,0.582772298820996,0.562613832757012,1.93813695450322,"French","g5-g6","low_coverage_anchor",0.168421052631579
"f2104","QUELLE EST TA MATIERE PREFEREE A L'ECOLE ?",0.568421052631579,0.14,0.384615384615385,0.647759639010292,0.904539784045926,1,0.652631578947368,0.3,0.507692307692308,0.577531289072004,0.091486406106122,1.78050895955832,"French","g5-g6","low_coverage_anchor",0.0842105263157895
"f2105","QUEL EST TON PLAT PREFERE?",0.378947368421053,0.15,0.312820512820513,0.553317152366952,1.54510710577257,1,0.642105263157895,0.26,0.476923076923077,0.664852876830339,0.15873887661186,2.4561163768919,"French","g5-g6","low_coverage_anchor",0.263157894736842
"f2107","Lina se réveille le matin.",0.136842105263158,0.03,0.174358974358974,0.509674959554611,3.59140975179574,1,0.147368421052632,0.09,0.302564102564103,0.502170765140699,1.4082373799091,3.03798229556232,"French","g5-g6","low_coverage_anchor",0.0105263157894737
"f2108","Lina va à la plage avec sa famille.",0.242105263157895,0.17,0.369230769230769,0.616490260351162,2.03175276689602,1,0.357894736842105,0.26,0.492307692307692,0.701671446373718,0.580850332235756,3.40536911706879,"French","g5-g6","low_coverage_anchor",0.115789473684211
"f2109","Lina nage dans la mer.",0.221052631578947,0.07,0.230769230769231,0.613920910457167,2.68201393249094,1,0.326315789473684,0.06,0.317948717948718,0.516022636282122,1.21633933692328,1.87043182259158,"French","g5-g6","low_coverage_anchor",0.105263157894737
"f2110","Lina joue sur le sable.",0.326315789473684,0.15,0.302564102564103,0.616756224770625,1.75690190657594,1,0.294736842105263,0.19,0.42051282051282,0.581470483784037,0.897092666357948,2.33641628483238,"French","g5-g6","low_coverage_anchor",-0.0315789473684211
"f2111","Lina mange une glace.",0.494736842105263,0.35,0.502564102564103,0.688910113701508,0.434074651588803,1,0.6,0.51,0.687179487179487,0.604098036770496,-0.188844120409914,2.14113214587867,"French","g5-g6","low_coverage_anchor",0.105263157894737
"f2112","Lina dort dans son lit",0.178947368421053,0.1,0.230769230769231,0.486980962581816,2.74481022683118,1,0.305263157894737,0.13,0.374358974358974,0.557951953221615,1.02743582269189,2.19072762613174,"French","g5-g6","low_coverage_anchor",0.126315789473684
"f2113","TU VAS ECOUTER UNE HISTOIRE AUDIO. REGARDE BIEN LES IMAGES. TU DOIS METTRE LES N",0.610526315789474,0.46,1,0.456096704345349,-0.261173468350328,1,0.673684210526316,0.63,0.98974358974359,0.322093567921339,-0.879466850132614,0.815554343847241,"French","g5-g6","usable_anchor",0.0631578947368421
"f2114","TU VAS ECOUTER UNE AUTRE HISTOIRE AUDIO. REGARDE BIEN LES IMAGES. TU DOIS METTRE",0.736842105263158,0.57,0.994871794871795,0.443212096021716,-0.996944502594775,1,0.831578947368421,0.71,0.994871794871795,0.344764943500382,-1.3620139386786,1.08865208285892,"French","g5-g6","extreme_anchor",0.0947368421052632
"f2118","RELIE CHAQUE MOT A L'IMAGE CORRESPONDANTE: tomate",0.957894736842105,0.88,0.98974358974359,0.37442213720451,-3.49075060604074,1,0.978947368421053,0.94,1,0.245676048699096,-2.26481631071468,2.10998550964476,"French","g5-g6","extreme_anchor",0.0210526315789474
"f2119","RELIE CHAQUE MOT A L'IMAGE CORRESPONDANTE: école",0.957894736842105,0.81,0.994871794871795,0.391291261948676,-2.95825250290154,1,0.989473684210526,0.91,1,0.239802871997491,-2.38538578393592,1.6628298448871,"French","g5-g6","extreme_anchor",0.031578947368421
"f2126","RELIS LE TEXTE ET MET EN ORDRE LES IMAGES",0.231578947368421,0.04,0.958974358974359,0.4949763665666,2.80936888173996,1,0.305263157894737,0.17,0.994871794871795,0.596024810036653,0.933707953630864,2.21845226349875,"French","g5-g6","usable_anchor",0.0736842105263158
"f2127","Quand se promène Dina avec sa famille? L'après-midi",0.326315789473684,0.2,0.948717948717949,0.257141746519105,1.54510710577257,1,0.452631578947368,0.44,0.984615384615385,0.150254985305776,0.692519235702985,0.319889763999017,"French","g5-g6","usable_anchor",0.126315789473684
"f2128","C'EST AMINE SUR LES IMAGES. ECRIS UNE PHRASE POUR DECRIRE L'IMAGE, COMME DANS L'",0.168421052631579,0.09,0.523076923076923,0.477668541772833,2.87582246622738,1,0.263157894736842,0.12,0.569230769230769,0.530849602821121,1.19366630509166,1.96054836789603,"French","g5-g6","low_coverage_anchor",0.0947368421052631
"f2129","C'EST AMINE SUR LES IMAGES. ECRIS UNE PHRASE POUR DECRIRE L'IMAGE, COMME DANS L'",0.242105263157895,0.17,0.435897435897436,0.63293244371149,2.03175276689602,1,0.221052631578947,0.15,0.528205128205128,0.577826814733693,1.11270258490483,2.60264338791486,"French","g5-g6","low_coverage_anchor",-0.0210526315789474
"f2130","C'EST AMINE SUR LES IMAGES. ECRIS UNE PHRASE POUR DECRIRE L'IMAGE, COMME DANS L'",0.336842105263158,0.22,0.671794871794872,0.554167878484994,1.42413087207033,1,0.410526315789474,0.27,0.748717948717949,0.60159445033623,0.558865104738398,1.97114323497982,"French","g5-g6","low_coverage_anchor",0.0736842105263158
"f2131","C'EST AMINE SUR LES IMAGES. ECRIS UNE PHRASE POUR DECRIRE L'IMAGE, COMME DANS L'",0.189473684210526,0.07,0.405128205128205,0.522924226278804,2.87582246622738,1,0.105263157894737,0.1,0.42051282051282,0.483114704181067,1.50240789122721,3.02415173558741,"French","g5-g6","low_coverage_anchor",-0.0842105263157895
"f23","C'EST QUEL JOUR AUJOURD'HUI ?",0.463157894736842,0.35,0.533333333333333,0.585098941787814,0.532072403402603,1,0.726315789473684,0.59,0.712820512820513,0.580983280295644,-0.525675366669788,2.2937502379614,"French","g5-g6","low_coverage_anchor",0.263157894736842
"f232_nv","LIS LES MOTS SUIVANTS A VOIX HAUTE:limonade",0.768421052631579,0.62,0.928205128205128,0.519164079967659,-1.27080043029631,1,0.747368421052632,0.66,0.994871794871795,0.472689889117533,-0.803063085562268,1.5474371411046,"French","g5-g6","usable_anchor",-0.0210526315789473
"f233_nv","LIS LES MOTS SUIVANTS A VOIX HAUTE:dune",0.652631578947368,0.52,0.923076923076923,0.441634421998714,-0.575388747027851,1,0.757894736842105,0.57,0.98974358974359,0.455553518586278,-0.676238517337128,1.35124434702846,"French","g5-g6","usable_anchor",0.105263157894737
"f235_nv","LIS LES MOTS SUIVANTS A VOIX HAUTE:pire",0.610526315789474,0.41,0.933333333333333,0.434107878840793,-0.104964748202762,1,0.610526315789474,0.49,0.984615384615385,0.476004052095593,-0.211618572718741,1.24408904515757,"French","g5-g6","usable_anchor",0
"f247","RELIE CHAQUE MOT A L'IMAGE CORRESPONDANTE: poule",0.88421052631579,0.61,0.994871794871795,0.452635184411967,-1.63900338741131,1,0.91578947368421,0.76,0.994871794871795,0.393466436649324,-1.43999076903767,1.61403784996013,"French","g5-g6","extreme_anchor",0.031578947368421
"f293","LIS LA QUESTION ET MONTRE-MOI LA BONNE REPONSE. QUE FAIT ALI ? Ali saute sur le",0.515789473684211,0.43,0.969230769230769,0.431418676786836,0.114635949126926,1,0.621052631578947,0.41,0.994871794871795,0.411544311453369,-0.0668257955113745,0.969973041986854,"French","g5-g6","usable_anchor",0.105263157894737
"f294_nv","LIS LA QUESTION ET MONTRE-MOI LA BONNE REPONSE. QUE FAIT SALMA? Elle joue.",0.547368421052632,0.37,0.964102564102564,0.42991306956567,0.209537494545113,1,0.673684210526316,0.47,0.994871794871795,0.623293673964706,-0.236739156908259,2.25633171492495,"French","g5-g6","usable_anchor",0.126315789473684
"f297_nv","ECRIS UNE PHRASE A PARTIR DES MOTS SUIVANTS: une fleur, Omar, dessine",0.705263157894737,0.56,0.994871794871795,0.595654201116076,-0.864801491559563,1,0.88421052631579,0.69,0.98974358974359,0.471469787880532,-1.08113171447184,1.89384858458613,"French","g5-g6","extreme_anchor",0.178947368421053
"f298","ECRIS UNE PHRASE A PARTIR DES MOTS SUIVANTS: rouge, est, mon cartable",0.8,0.69,0.97948717948718,0.482657157570511,-1.63900338741131,1,0.88421052631579,0.83,0.98974358974359,0.395530550478823,-1.50945949689895,1.7438962137898,"French","g5-g6","extreme_anchor",0.0842105263157894
"f299","ECRIS UNE PHRASE A PARTIR DES MOTS SUIVANTS: sous, est, la table, le chien",0.610526315789474,0.24,0.984615384615385,0.623326913220845,0.434074651588803,1,0.726315789473684,0.43,0.984615384615385,0.553074330720119,-0.278568601565888,1.68061297052263,"French","g5-g6","usable_anchor",0.115789473684211
"m210","Write the numbers in digits: sixty-five",0.736842105263158,0.752941176470588,0.972222222222222,0.407333695705711,-1.12570246196373,1.19425606172037,0.79,0.6,0.935,0.400521737263488,-0.951682282616199,1.03846232922047,"Maths","g1-g2","usable_anchor",0.0531578947368422
"m221","Connect the digital clock and the analog clock with a line: (6:00)",0.88421052631579,0.682352941176471,0.944444444444444,0.496692081137566,-1.13583943872165,1.66847473084866,0.9,0.89,0.99,0.299008451356324,-2.24749091567716,1.17805995903379,"Maths","g1-g2","extreme_anchor",0.0157894736842106
"m222","Connect the digital clock and the analog clock with a line: (12:00)",0.863157894736842,0.835294117647059,0.961111111111111,0.347280971936472,-2.00139338019049,1.03199386237806,0.95,0.9,0.98,0.264129344095594,-2.90488394293847,1.01041889837509,"Maths","g1-g2","extreme_anchor",0.0868421052631578
"m23y3_nv3","8+3 =",0.8,0.752941176470588,0.961111111111111,0.557948385620869,-0.945919680614789,2.21731106241889,0.92,0.68,0.97,0.353571979227672,-1.50837384537903,1.13462996524594,"Maths","g1-g2","extreme_anchor",0.12
"m24","7– 2 =",0.663157894736842,0.235294117647059,0.961111111111111,0.433362561562888,0.175766423983716,1.19236043264804,0.87,0.69,0.965,0.582663438281214,-0.90834742245007,2.60063565170211,"Maths","g1-g2","extreme_anchor",0.206842105263158
"m222","Connect the digital clock and the analog clock with a line: (12:00)",0.95,0.9,0.98,0.264129344095594,-2.90488394293847,1.01041889837509,0.93939393939394,0.94,1,0.177368076466467,-3.25693262218244,0.960720736743578,"Maths","g2-g3","extreme_anchor",-0.0106060606060605
"m230","5 x 6 =",0.59,0.5,0.82,0.591161966893014,-0.112965861906572,1.92794819934482,0.717171717171717,0.71,0.92964824120603,0.523059512744312,-0.736483831853469,1.92588940517082,"Maths","g2-g3","usable_anchor",0.127171717171717
"m230_nv","4 x 8 =",0.32,0.24,0.735,0.458190495301626,0.889796906438615,1.48690867903927,0.494949494949495,0.47,0.834170854271357,0.504599566363997,0.0587195314782087,1.48253166983344,"Maths","g2-g3","low_coverage_anchor",0.174949494949495
"m231_nv3","3 x 9 =",0.44,0.35,0.735,0.525830997854377,0.402351467550685,1.66067608191757,0.555555555555556,0.47,0.844221105527638,0.458455747360985,-0.0558948904824279,1.28562952069865,"Maths","g2-g3","low_coverage_anchor",0.115555555555556
"m233_nv","Write the appropriate number under each illustration : (135)",0.48,0.35,0.8,0.668843725174857,0.28078207862238,3.79618279242652,0.636363636363636,0.44,0.909547738693467,0.507077095434385,-0.144965575371557,1.5174449386073,"Maths","g2-g3","usable_anchor",0.156363636363636
"m33y3_nv3","13-9 =",0.62,0.39,0.835,0.533380252625966,0.0138907113445494,1.70365255147796,0.717171717171717,0.67,0.939698492462312,0.411229867197562,-0.865188829485872,1.1905388312584,"Maths","g2-g3","usable_anchor",0.0971717171717171
"m230","5 x 6 =",0.717171717171717,0.71,0.92964824120603,0.523059512744312,-0.736483831853469,1.92588940517082,0.9,0.76,0.99,0.559311006290663,-1.08626871085403,3.57195180999908,"Maths","g3-g4","extreme_anchor",0.182828282828283
"m230_nv","4 x 8 =",0.494949494949495,0.47,0.834170854271357,0.504599566363997,0.0587195314782087,1.48253166983344,0.74,0.66,0.975,0.457972285627936,-0.811536886873641,1.39474433680292,"Maths","g3-g4","usable_anchor",0.245050505050505
"m259","Write the appropriate number in digits next to each of the following statements:",0.292929292929293,0.26,0.914572864321608,0.614251099919415,0.658600035413014,2.85154390314712,0.45,0.3,0.95,0.529083511201246,0.452359643015674,1.93970095489144,"Maths","g3-g4","usable_anchor",0.157070707070707
"m260","determine the value represented by the number written in bold in each number: 5",0.404040404040404,0.31,0.763819095477387,0.53022424324868,0.492299011709456,1.74995182892412,0.27,0.18,0.92,0.400979475838374,1.25569900839934,1.28184758698289,"Maths","g3-g4","usable_anchor",-0.134040404040404
"m261","determine the value represented by the number written in bold in each number: 7",0.404040404040404,0.29,0.773869346733668,0.545003176795321,0.51479757428411,1.84840488889983,0.28,0.19,0.925,0.3993331243638,1.23590102439518,1.22381155157046,"Maths","g3-g4","usable_anchor",-0.124040404040404
"m279_nv3","Carefully observe the graph and answer the following questions: How many seconds",0.737373737373737,0.77,0.919597989949749,0.483978881636308,-0.89989884146621,1.91093223353731,0.71,0.67,0.935,0.507258769963749,-0.722716129950128,1.54099358806129,"Maths","g3-g4","usable_anchor",-0.0273737373737374
"m2101","Enclose with a line the value that is equal to  5.3 km 20 m in meters. Choices:",0.7,0.55,0.92,0.37490070868304,-0.609376881207747,0.990123958304977,0.722222222222222,0.62,0.936842105263158,0.297623347079689,-1.00168931282404,0.786409155579741,"Maths","g4-g5","usable_anchor",0.0222222222222223
"m2104_nv","How do you call Lines that are always the same distance apart and never cross? a",0.4,0.27,0.94,0.110152978511695,2.74494143164969,0.253670710148241,0.277777777777778,0.28,0.931578947368421,0.125851299697361,3.07076566085563,0.316470179147702,"Maths","g4-g5","weak_discrimination_anchor",-0.122222222222222
"m2107","72/6=",0.49,0.34,0.9,0.511800604219234,0.326413776166329,1.75251805651839,0.8,0.41,0.857894736842105,0.734264200250925,-0.220737480614752,4.83099625150334,"Maths","g4-g5","usable_anchor",0.31
"m2108","94/8 =",0.37,0.28,0.875,0.577688066237545,0.580106661710019,2.49854655708845,0.655555555555556,0.28,0.863157894736842,0.683843130862781,0.172361639791275,3.25300362392024,"Maths","g4-g5","usable_anchor",0.285555555555556
"m282_nv","4x9 =",0.71,0.62,0.97,0.55996384773258,-0.549809256816202,1.91501428323751,0.911111111111111,0.77,0.989473684210526,0.444064127450752,-1.35040766582618,1.85837044355077,"Maths","g4-g5","extreme_anchor",0.201111111111111
"m286_nv","Circle the number that corresponds to the representation Choices: 1 457; 5 147;",0.47,0.34,0.85,0.428215494734203,0.427623110328242,1.20291947380846,0.377777777777778,0.24,0.842105263157895,0.397073573105082,0.96097452352562,1.06431343559899,"Maths","g4-g5","usable_anchor",-0.0922222222222222
"m2107","72/6=",0.8,0.41,0.857894736842105,0.734264200250925,-0.220737480614752,4.83099625150334,0.688888888888889,0.505263157894737,0.810810810810811,0.467047223109507,-0.564712188955303,1,"Maths","g5-g6","usable_anchor",-0.111111111111111
"m2139_nv","735/7=",0.488888888888889,0.23,0.757894736842105,0.68417694575056,0.4799347057547,3.37135855862799,0.555555555555556,0.357894736842105,0.810810810810811,0.564385442216196,0.285492785835071,1,"Maths","g5-g6","usable_anchor",0.0666666666666667
"m2140_nv","624/4=",0.455555555555556,0.22,0.731578947368421,0.685954095765676,0.530601677084829,4.22599482198973,0.733333333333333,0.389473684210526,0.886486486486487,0.62608646642153,-0.33254139677385,1,"Maths","g5-g6","low_coverage_anchor",0.277777777777778
"m286_nv","Circle the number that corresponds to the representation Choices: 1 457; 5 147;",0.377777777777778,0.24,0.842105263157895,0.397073573105082,0.96097452352562,1.06431343559899,0.466666666666667,0.189473684210526,0.74054054054054,0.418599389339905,1.0975946741442,1,"Maths","g5-g6","low_coverage_anchor",0.0888888888888889
